time/time_elapsed,time/iterations,time/total_timesteps,time/fps,train/policy_gradient_loss,train/explained_variance,train/loss,train/learning_rate,train/value_loss,train/clip_fraction,train/n_updates,train/entropy_loss,train/approx_kl,train/clip_range
62,1,40960,655,,,,,,,,,,
76,2,81920,1064,-0.010281881116097792,-0.3346829414367676,-0.019870363175868988,0.0001,0.10547371111810207,0.0304296875,10,-4.139780169725418,0.007239626,0.2
91,3,122880,1348,-0.011242967454454628,-0.3533362150192261,-0.041057005524635315,0.0001,0.03311206913087517,0.04193359375,20,-4.126965324282646,0.007694068,0.2
103,4,163840,1583,-0.011009480214852374,-0.5609452724456787,-0.06551516801118851,0.0001,0.01207946208654903,0.03869873046875,30,-4.1124485212564466,0.0073619233,0.2
116,5,204800,1764,-0.010796313751052366,-0.9501293897628784,-0.058451950550079346,0.0001,0.006406872354855295,0.04046142578125,40,-4.093463672399521,0.0073306053,0.2
128,6,245760,1918,-0.009294871842575958,-0.5826947689056396,-0.04927649348974228,0.0001,0.0068302721632062455,0.0309033203125,50,-4.082273491024971,0.0066253347,0.2
140,7,286720,2044,-0.009557409898552577,-0.31426680088043213,-0.05385727435350418,0.0001,0.0062627173263172155,0.03052001953125,60,-4.0704905593395235,0.0064657987,0.2
152,8,327680,2152,-0.010007995487685549,-0.8580566644668579,-0.05031534284353256,0.0001,0.0024846194763085807,0.0311962890625,70,-4.068233246207237,0.006484215,0.2
164,9,368640,2244,-0.008773087730514818,-0.30670952796936035,-0.06105101853609085,0.0001,0.002885922411005595,0.0243115234375,80,-4.058929132819176,0.0063407132,0.2
176,10,409600,2323,-0.00930440472337068,-0.12958824634552002,-0.05303727090358734,0.0001,0.0036506954320066143,0.03121337890625,90,-4.050942639708519,0.00648081,0.2
188,11,450560,2392,-0.008204736978659638,-0.11110413074493408,-0.0541263073682785,0.0001,0.0032409980578086105,0.01961669921875,100,-4.048643043637275,0.0055393344,0.2
200,12,491520,2453,-0.008971568339620716,-0.09389877319335938,-0.052503038197755814,0.0001,0.003090567854233086,0.0292919921875,110,-4.04692522764206,0.0060788915,0.2
212,13,532480,2508,-0.009565021928137867,-0.11394357681274414,-0.05385442078113556,0.0001,0.0017435080351424403,0.03173828125,120,-4.038116015791893,0.0062445267,0.2
224,14,573440,2557,-0.009691411693565896,-0.11636734008789062,-0.06252450495958328,0.0001,0.0013979100423239287,0.0298046875,130,-4.036784691810608,0.0059726583,0.2
236,15,614400,2601,-0.00977021011771285,-0.04490864276885986,-0.056385062634944916,0.0001,0.0015471691785933217,0.0294921875,140,-4.03209390938282,0.006288931,0.2
247,16,655360,2644,-0.009877087861932523,-0.07804644107818604,-0.054292283952236176,0.0001,0.0015086785017956572,0.0354541015625,150,-4.027237584590912,0.006700579,0.2
259,17,696320,2681,-0.00949763896263903,-0.047567009925842285,-0.05084497109055519,0.0001,0.0011163172745182236,0.03221923828125,160,-4.021880855560303,0.0064960225,0.2
271,18,737280,2715,-0.009642783016024623,-0.026363372802734375,-0.06252239644527435,0.0001,0.0017500250091507042,0.02887451171875,170,-4.017012271285057,0.006125624,0.2
283,19,778240,2746,-0.010346839772828388,-0.03572726249694824,-0.0532069094479084,0.0001,0.0016764738490019227,0.04017822265625,180,-4.007918857336044,0.006608352,0.2
295,20,819200,2768,-0.009229552455653902,-0.03819680213928223,-0.047635748982429504,0.0001,0.0026258133056398947,0.0326416015625,190,-4.000070315599442,0.006380403,0.2
308,21,860160,2787,-0.010222923881738098,-0.06085562705993652,-0.04996628314256668,0.0001,0.00196904928820004,0.0297802734375,200,-3.9973835909366606,0.0062253857,0.2
320,22,901120,2810,-0.00962493107879709,0.0053081512451171875,-0.05756521597504616,0.0001,0.0027683232009076165,0.02631103515625,210,-3.990669970214367,0.0058665266,0.2
332,23,942080,2834,-0.00891676442042808,0.010218560695648193,-0.05462008714675903,0.0001,0.006108781515540613,0.0330615234375,220,-3.975308682322502,0.0062202048,0.2
344,24,983040,2855,-0.009679710818745661,-0.03563570976257324,-0.05363008752465248,0.0001,0.003477667954903154,0.0359130859375,230,-3.9799918219447137,0.0061840885,0.2
356,25,1024000,2875,-0.010205078799990587,-0.03156626224517822,-0.055615704506635666,0.0001,0.0028070633844617986,0.03762451171875,240,-3.984273717701435,0.0070118485,0.2
368,26,1064960,2893,-0.009609378901368473,-0.004299283027648926,-0.05235419049859047,0.0001,0.0026066622140206164,0.027734375,250,-3.9708169811964034,0.0061829137,0.2
380,27,1105920,2907,-0.010242761792105738,0.03072834014892578,-0.05371846258640289,0.0001,0.0012176087372972688,0.0312841796875,260,-3.977351320385933,0.006153484,0.2
392,28,1146880,2925,-0.008519769222912145,0.01624351739883423,-0.05051269009709358,0.0001,0.005128996063576779,0.03747314453125,270,-3.961164942681789,0.006641534,0.2
404,29,1187840,2936,-0.010822653955256101,-0.0017331838607788086,-0.05133313313126564,0.0001,0.0016417221851588693,0.0367041015625,280,-3.9595213726162912,0.006603267,0.2
416,30,1228800,2952,-0.011062782744556899,-0.04996037483215332,-0.062450408935546875,0.0001,0.0012516835881615407,0.03605712890625,290,-3.947521188259125,0.006430497,0.2
428,31,1269760,2966,-0.009527144007879542,0.04182058572769165,-0.05787749961018562,0.0001,0.0033561251833089047,0.03742431640625,300,-3.9450868102908134,0.006343647,0.2
439,32,1310720,2979,-0.009608537750682444,0.03748053312301636,-0.04977252706885338,0.0001,0.005120905422591022,0.03432373046875,310,-3.935367160141468,0.006357792,0.2
451,33,1351680,2992,-0.011192999303311808,-0.006227374076843262,-0.056169331073760986,0.0001,0.0017900706578438984,0.04211669921875,320,-3.940692218542099,0.0069069965,0.2
463,34,1392640,3004,-0.009984098092536442,0.04555249214172363,-0.05856774374842644,0.0001,0.0025688279403038904,0.03595458984375,330,-3.914524727165699,0.006560914,0.2
475,35,1433600,3016,-0.009992479437096335,0.11153805255889893,-0.039359696209430695,0.0001,0.003372086312811007,0.04070556640625,340,-3.8934712386131287,0.0066674263,0.2
487,36,1474560,3027,-0.011622642389411339,0.15759295225143433,-0.05115995928645134,0.0001,0.0015602488911463297,0.04265380859375,350,-3.897290805876255,0.0068990453,0.2
498,37,1515520,3037,-0.01096734804988955,0.2445942759513855,-0.05276024714112282,0.0001,0.0010738733190009953,0.03990966796875,360,-3.9001386612653732,0.006771125,0.2
510,38,1556480,3047,-0.011139419458777411,0.17886769771575928,-0.05261921510100365,0.0001,0.0019891558102244746,0.04099853515625,370,-3.9017359787225723,0.006694374,0.2
522,39,1597440,3057,-0.010461012907326222,0.17245817184448242,-0.05532417446374893,0.0001,0.002171009583034902,0.0364453125,380,-3.897861714661121,0.0063906847,0.2
534,40,1638400,3066,-0.010353886274824618,0.13817334175109863,-0.045780859887599945,0.0001,0.0029360847108910095,0.039423828125,390,-3.8901980400085447,0.0066428124,0.2
546,41,1679360,3075,-0.011749238169722958,0.250319242477417,-0.052184365689754486,0.0001,0.0017447685806473601,0.04853515625,400,-3.8634010165929795,0.0071465774,0.2
557,42,1720320,3084,-0.011152120226906845,0.3622238039970398,-0.053462330251932144,0.0001,0.001618146770815656,0.0478662109375,410,-3.8524308136105536,0.007250741,0.2
569,43,1761280,3092,-0.010383616196631919,0.20307987928390503,-0.058530014008283615,0.0001,0.0035396269612101607,0.05234619140625,420,-3.865572178065777,0.0073492685,0.2
581,44,1802240,3100,-0.010082201085315318,0.20534086227416992,-0.053643692284822464,0.0001,0.0034209891246428014,0.04441650390625,430,-3.853478119969368,0.0071171774,0.2
593,45,1843200,3108,-0.009860155673959526,0.12012845277786255,-0.04670996963977814,0.0001,0.00409285898465896,0.04694091796875,440,-3.845739547610283,0.0071370727,0.2
604,46,1884160,3115,-0.012335110552667174,0.38257062435150146,-0.05411728098988533,0.0001,0.0011623599112499505,0.05314453125,450,-3.836005231440067,0.007425229,0.2
616,47,1925120,3122,-0.010900106245680946,0.26393967866897583,-0.0555976964533329,0.0001,0.002678418038340169,0.0504052734375,460,-3.836973444521427,0.007224475,0.2
628,48,1966080,3129,-0.010908344147028402,0.2583007216453552,-0.056170832365751266,0.0001,0.0027403797173610658,0.056533203125,470,-3.8365976348519326,0.0071777143,0.2
639,49,2007040,3136,-0.01357533616028377,0.48940277099609375,-0.04562852531671524,0.0001,0.0008425964808338904,0.06361328125,480,-3.8327889493107796,0.008118106,0.2
651,50,2048000,3141,-0.012085203353635735,0.4032478928565979,-0.054135143756866455,0.0001,0.0016587902090395802,0.05704345703125,490,-3.80278595328331,0.007558711,0.2
663,51,2088960,3147,-0.010938662998378278,0.331493616104126,-0.049333103001117706,0.0001,0.002621815000748029,0.05701416015625,500,-3.796501958668232,0.0076685995,0.2
675,52,2129920,3153,-0.010344848858221668,0.32418668270111084,-0.053622376173734665,0.0001,0.004356368760054466,0.0560791015625,510,-3.764339206814766,0.007506156,0.2
687,53,2170880,3158,-0.010321634268475464,0.20808547735214233,-0.04543250799179077,0.0001,0.006035937182168709,0.05635986328125,520,-3.7775895500183108,0.0073767724,0.2
699,54,2211840,3163,-0.011718517274930491,0.3257085680961609,-0.04368457570672035,0.0001,0.004673110780131538,0.05910888671875,530,-3.7766019621491433,0.0076992735,0.2
710,55,2252800,3168,-0.011489081104009528,0.3034753203392029,-0.042574141174554825,0.0001,0.0051478644848975815,0.05747802734375,540,-3.760454161465168,0.007901726,0.2
722,56,2293760,3173,-0.012177648274955573,0.4032359719276428,-0.05652839317917824,0.0001,0.0036373733668006026,0.06315185546875,550,-3.745765447616577,0.008113443,0.2
734,57,2334720,3178,-0.010764654242957477,0.29448312520980835,-0.051577430218458176,0.0001,0.005647306805185508,0.05695068359375,560,-3.746281184256077,0.0077786087,0.2
745,58,2375680,3184,-0.010457155790063552,0.3382875323295593,-0.05260607600212097,0.0001,0.005783206410997082,0.056416015625,570,-3.7200905057787894,0.0076149656,0.2
757,59,2416640,3189,-0.011527194779337151,0.2941443920135498,-0.04163592681288719,0.0001,0.007898711750167422,0.07451171875,580,-3.7174817740917208,0.008117363,0.2
769,60,2457600,3194,-0.00978031578939408,0.40688031911849976,-0.04359932243824005,0.0001,0.005225057852221653,0.05958740234375,590,-3.703449728488922,0.007647005,0.2
780,61,2498560,3199,-0.011012534943001811,0.3964996337890625,-0.048064641654491425,0.0001,0.0040344060452480335,0.0618603515625,600,-3.712775433063507,0.007964985,0.2
792,62,2539520,3204,-0.01248778238063096,0.5554596781730652,-0.05705949291586876,0.0001,0.002325379703033832,0.06798095703125,610,-3.7064568799734117,0.007931965,0.2
804,63,2580480,3209,-0.010763882057071896,0.3344995379447937,-0.0469617024064064,0.0001,0.005227810646028956,0.06029296875,620,-3.6948965400457383,0.007870943,0.2
815,64,2621440,3213,-0.009850672061002114,0.3358386158943176,-0.044255658984184265,0.0001,0.0060456057415285615,0.05306884765625,630,-3.7017963245511054,0.007309644,0.2
827,65,2662400,3218,-0.009789877563889604,0.2788972854614258,-0.04789721965789795,0.0001,0.008194597811816494,0.06484619140625,640,-3.6887744584679605,0.007942888,0.2
839,66,2703360,3221,-0.010966801090107765,0.3461231589317322,-0.054514121264219284,0.0001,0.005122974765108665,0.0697607421875,650,-3.689062939584255,0.008148814,0.2
850,67,2744320,3225,-0.009302327723562485,0.2507277727127075,-0.04548908770084381,0.0001,0.009816442152514355,0.06768798828125,660,-3.6822117978334425,0.008174924,0.2
862,68,2785280,3229,-0.010759322108642664,0.4039672613143921,-0.043246541172266006,0.0001,0.005638524131354643,0.0713232421875,670,-3.6932177954912184,0.008439354,0.2
873,69,2826240,3233,-0.012454423451272305,0.6379489302635193,-0.05615805462002754,0.0001,0.0020719017687952147,0.06615966796875,680,-3.667152834534645,0.007963652,0.2
885,70,2867200,3238,-0.009596636612914154,0.43145322799682617,-0.0543898344039917,0.0001,0.004674716118170181,0.0610205078125,690,-3.6587244153022764,0.007872706,0.2
897,71,2908160,3242,-0.009794317508058157,0.4405217170715332,-0.05025678500533104,0.0001,0.004594689392688451,0.06525146484375,700,-3.679797914326191,0.007995939,0.2
908,72,2949120,3245,-0.010530978873721324,0.584672749042511,-0.057805512100458145,0.0001,0.002768459845392499,0.0566748046875,710,-3.643794382214546,0.007477209,0.2
920,73,2990080,3249,-0.01087621024431428,0.3476042151451111,-0.05476236343383789,0.0001,0.004557291219680337,0.06333740234375,720,-3.627678061723709,0.00795372,0.2
931,74,3031040,3253,-0.009155332240770803,0.22344475984573364,-0.0363493375480175,0.0001,0.008225533920485759,0.06555419921875,730,-3.631519074141979,0.008299254,0.2
943,75,3072000,3257,-0.009953369260183536,0.35516124963760376,-0.042348578572273254,0.0001,0.00588963282018085,0.0645849609375,740,-3.6392939564585687,0.007706051,0.2
954,76,3112960,3260,-0.009524563272716478,0.27852821350097656,-0.05091341212391853,0.0001,0.0070835023633844686,0.062587890625,750,-3.617984493672848,0.0078571625,0.2
966,77,3153920,3263,-0.009581369983498006,0.3597928285598755,-0.045227840542793274,0.0001,0.00831415399297839,0.0628173828125,760,-3.621480249762535,0.007822832,0.2
977,78,3194880,3267,-0.009922898096920107,0.45968180894851685,-0.053539011627435684,0.0001,0.005868533711618511,0.06915771484375,770,-3.611278693675995,0.008386386,0.2
989,79,3235840,3270,-0.00965008094732184,0.3478001356124878,-0.04057860001921654,0.0001,0.00908032315550372,0.06771484375,780,-3.5959192609786985,0.008370662,0.2
1001,80,3276800,3273,-0.010344583619007608,0.3829611539840698,-0.055998921394348145,0.0001,0.005614617258397629,0.06127685546875,790,-3.6031394505500796,0.0073780017,0.2
1012,81,3317760,3276,-0.010250810341676696,0.2841905355453491,-0.04798397421836853,0.0001,0.012751544321072289,0.0798779296875,800,-3.5795397472381594,0.008836182,0.2
1024,82,3358720,3278,-0.01003313234410598,0.389711856842041,-0.04849793016910553,0.0001,0.013458472279307899,0.07390625,810,-3.5902654418349265,0.00827755,0.2
1035,83,3399680,3281,-0.010668017897405662,0.44595372676849365,-0.04405492916703224,0.0001,0.008469607720326167,0.0714990234375,820,-3.5946524700522424,0.008246554,0.2
1047,84,3440640,3284,-0.00927449933027674,0.3691332936286926,-0.035730991512537,0.0001,0.015492296101874671,0.071865234375,830,-3.585850233733654,0.008573859,0.2
1059,85,3481600,3287,-0.010764070664008614,0.3790428638458252,-0.0446295328438282,0.0001,0.008131397005927283,0.06507080078125,840,-3.6031773602962494,0.008135602,0.2
1070,86,3522560,3289,-0.011189791275246535,0.4278258681297302,-0.04230044409632683,0.0001,0.00738910325570032,0.070859375,850,-3.5762748804688456,0.007846227,0.2
1082,87,3563520,3291,-0.010237073663884075,0.2808985114097595,-0.045482512563467026,0.0001,0.01754573724057991,0.0769091796875,860,-3.5770893350243567,0.008345788,0.2
1094,88,3604480,3294,-0.010051170541046303,0.30409300327301025,-0.05025196075439453,0.0001,0.020751508672256024,0.07070068359375,870,-3.5643733590841293,0.008129659,0.2
1105,89,3645440,3296,-0.009162069500016514,0.42506152391433716,-0.04964912310242653,0.0001,0.013857383222202771,0.0556201171875,880,-3.55922933280468,0.0071319463,0.2
1117,90,3686400,3298,-0.010464940128294985,0.4863263964653015,-0.039138246327638626,0.0001,0.01483793796331156,0.06391845703125,890,-3.5564069518446924,0.007877988,0.2
1129,91,3727360,3301,-0.008883796111331322,0.38134706020355225,-0.04410424828529358,0.0001,0.013400277036707849,0.0636767578125,900,-3.550995731949806,0.008051673,0.2
1140,92,3768320,3303,-0.009646537149164943,0.29812079668045044,-0.04345376789569855,0.0001,0.014290622846165207,0.06405517578125,910,-3.5564732322096826,0.007679295,0.2
1152,93,3809280,3305,-0.00962265119625954,0.3482593297958374,-0.0426708348095417,0.0001,0.013201086641056464,0.0742724609375,920,-3.5584433034062384,0.008572051,0.2
1163,94,3850240,3307,-0.010440613156242761,0.3416404724121094,-0.05426016077399254,0.0001,0.007609983776928857,0.07605712890625,930,-3.550451553463936,0.008566072,0.2
1175,95,3891200,3310,-0.010015487895725528,0.38842225074768066,-0.03902561590075493,0.0001,0.012351272181258538,0.06624755859375,940,-3.5492958611249925,0.008105014,0.2
1187,96,3932160,3312,-0.009958221494161989,0.2705965042114258,-0.035366274416446686,0.0001,0.014293286374304444,0.07802734375,950,-3.545124280154705,0.008729992,0.2
1198,97,3973120,3314,-0.00952027377061313,0.21669268608093262,-0.03630683571100235,0.0001,0.01598715950967744,0.06271728515625,960,-3.5398371839523315,0.008102213,0.2
1210,98,4014080,3316,-0.009747660916109452,0.2920633554458618,-0.0352691225707531,0.0001,0.013046008246019482,0.06821044921875,970,-3.545904149711132,0.008308241,0.2
1221,99,4055040,3318,-0.010581491114935488,0.30889183282852173,-0.05033200606703758,0.0001,0.011373323754232842,0.06949951171875,980,-3.5323078247904776,0.008081779,0.2
1233,100,4096000,3320,-0.00959529499632481,0.26991331577301025,-0.045362092554569244,0.0001,0.015654257598216644,0.06938232421875,990,-3.5485653772950174,0.008015248,0.2
1245,101,4136960,3322,-0.009873854952456896,0.3834017515182495,-0.05087278038263321,0.0001,0.015668648321880026,0.07293701171875,1000,-3.5283644610643385,0.008557921,0.2
1256,102,4177920,3324,-0.010373574447221472,0.4422391653060913,-0.04989919811487198,0.0001,0.015468033201759681,0.07724609375,1010,-3.5388232719898225,0.008646269,0.2
1268,103,4218880,3325,-0.009732897975918604,0.3385779857635498,-0.037938132882118225,0.0001,0.015569574864348396,0.064384765625,1020,-3.5534580275416374,0.007944247,0.2
1280,104,4259840,3327,-0.010052285251294962,0.3726024627685547,-0.04863131418824196,0.0001,0.014614373038639314,0.07591552734375,1030,-3.5512201467156412,0.008703724,0.2
1291,105,4300800,3329,-0.010164126896270317,0.3575546145439148,-0.04335511475801468,0.0001,0.011923058718675748,0.06583984375,1040,-3.5274159252643584,0.00797113,0.2
1303,106,4341760,3330,-0.008943464510812191,0.340141236782074,-0.04088599979877472,0.0001,0.01721228841401171,0.06572509765625,1050,-3.5254329484701157,0.007982048,0.2
1315,107,4382720,3330,-0.010160000825417228,0.19584888219833374,-0.04432356730103493,0.0001,0.018508628989802673,0.07444091796875,1060,-3.507543257176876,0.008643651,0.2
1327,108,4423680,3332,-0.011202045740792527,0.30370527505874634,-0.04873029887676239,0.0001,0.015893025927362033,0.07711181640625,1070,-3.514075846374035,0.0085612135,0.2
1339,109,4464640,3333,-0.009106785347976256,0.2731868028640747,-0.04587088152766228,0.0001,0.017965898694819772,0.07130615234375,1080,-3.521804564297199,0.008593959,0.2
1351,110,4505600,3335,-0.009854151048202767,0.473074734210968,-0.034333132207393646,0.0001,0.025821663957904094,0.07552490234375,1090,-3.515705333352089,0.008775873,0.2
1362,111,4546560,3336,-0.011633409822970862,0.4388624429702759,-0.053353533148765564,0.0001,0.01824469999875873,0.06922119140625,1100,-3.509556819796562,0.008237492,0.2
1374,112,4587520,3337,-0.011349465100793169,0.30681800842285156,-0.046702317893505096,0.0001,0.014832395634730346,0.07295654296875,1110,-3.51846881121397,0.008550299,0.2
1386,113,4628480,3338,-0.0102463155631267,0.26605862379074097,-0.04417639598250389,0.0001,0.01502524658164475,0.0671044921875,1120,-3.5109420362114907,0.008445939,0.2
1398,114,4669440,3339,-0.00924097329378128,0.24020087718963623,-0.05258162319660187,0.0001,0.019239954072399996,0.068115234375,1130,-3.493611172735691,0.0084762005,0.2
1410,115,4710400,3340,-0.010078541756083723,0.2977858781814575,-0.036838363856077194,0.0001,0.02116819611226674,0.07160400390625,1140,-3.4836941850185394,0.008441208,0.2
1421,116,4751360,3341,-0.010999357925757068,0.2981150150299072,-0.03385059908032417,0.0001,0.020211002421565354,0.07759033203125,1150,-3.4828136920928956,0.008818297,0.2
1433,117,4792320,3342,-0.009618555562919937,0.2567937970161438,-0.04811566695570946,0.0001,0.017340126508497634,0.0702490234375,1160,-3.4902721479535104,0.007872459,0.2
1445,118,4833280,3343,-0.009248099180258578,0.18199223279953003,-0.03785104304552078,0.0001,0.030321950746001677,0.065654296875,1170,-3.484632223546505,0.0076843305,0.2
1457,119,4874240,3345,-0.0108062748365046,0.2853547930717468,-0.048096705228090286,0.0001,0.020548072097008117,0.07214111328125,1180,-3.4982322856783865,0.008599473,0.2
1468,120,4915200,3346,-0.010227746478340122,0.22225862741470337,-0.046055279672145844,0.0001,0.015604370925575494,0.0644677734375,1190,-3.4691685333848,0.00805212,0.2
1480,121,4956160,3347,-0.010225240194995423,0.2574460506439209,-0.04032029211521149,0.0001,0.01758927865885198,0.07330810546875,1200,-3.4648384803533556,0.008248045,0.2
1492,122,4997120,3348,-0.00999150710311369,0.2837902903556824,-0.053079888224601746,0.0001,0.020465671233832836,0.07296142578125,1210,-3.4609079614281653,0.00864363,0.2
1504,123,5038080,3349,-0.009773169971304015,0.2705272436141968,-0.040004853159189224,0.0001,0.02838986616465263,0.0709619140625,1220,-3.4706764510273933,0.008163228,0.2
1515,124,5079040,3350,-0.01023238803478307,0.32647520303726196,-0.04511847719550133,0.0001,0.022717871685745194,0.06904052734375,1230,-3.4654322308301926,0.008028763,0.2
1527,125,5120000,3351,-0.011201656226185151,0.44231748580932617,-0.04502011835575104,0.0001,0.018224306772463023,0.06493408203125,1240,-3.4621216186881068,0.008165601,0.2
1539,126,5160960,3352,-0.009668382061645388,0.2959223985671997,-0.04662524536252022,0.0001,0.021683736350387336,0.07354248046875,1250,-3.4555417716503145,0.008503197,0.2
1551,127,5201920,3353,-0.009693840826657833,0.37232309579849243,-0.02588566578924656,0.0001,0.028240716336295008,0.07400634765625,1260,-3.451710586845875,0.008441282,0.2
1562,128,5242880,3354,-0.009465971255849581,0.39170074462890625,-0.029164066538214684,0.0001,0.04040120150661096,0.067314453125,1270,-3.441679368019104,0.008409483,0.2
1574,129,5283840,3355,-0.009674563086591662,0.3770618438720703,-0.033679768443107605,0.0001,0.03182221376453526,0.0727001953125,1280,-3.4592670857906342,0.008483678,0.2
1586,130,5324800,3356,-0.011116640280233696,0.34529805183410645,-0.04232063889503479,0.0001,0.02514439098769799,0.07699951171875,1290,-3.452661356329918,0.008504299,0.2
1597,131,5365760,3358,-0.011242464501992799,0.530268520116806,-0.04696275293827057,0.0001,0.018629484742414205,0.07602294921875,1300,-3.4629684507846834,0.008328272,0.2
1609,132,5406720,3359,-0.009922820311330724,0.3570888042449951,-0.04101193696260452,0.0001,0.026509265556233005,0.07474365234375,1310,-3.4784141048789023,0.008465529,0.2
1620,133,5447680,3360,-0.010360961541591678,0.3267607092857361,-0.03804659843444824,0.0001,0.026722999919438734,0.0766796875,1320,-3.462191653549671,0.008438716,0.2
1632,134,5488640,3361,-0.010620148270973004,0.3348384499549866,-0.040452759712934494,0.0001,0.027441454789368436,0.066923828125,1330,-3.4667060908675196,0.007738122,0.2
1644,135,5529600,3362,-0.009587203772753128,0.2740022540092468,-0.04127727076411247,0.0001,0.036717011583969,0.06796142578125,1340,-3.4469788435101507,0.007984431,0.2
1656,136,5570560,3363,-0.010714854954567272,0.4409691095352173,-0.02933351695537567,0.0001,0.02698931441293098,0.06753662109375,1350,-3.438355992734432,0.0078524,0.2
1667,137,5611520,3364,-0.008973694545784384,0.4211057424545288,-0.04315488412976265,0.0001,0.038191328118555246,0.0679443359375,1360,-3.43568693459034,0.008197649,0.2
1679,138,5652480,3365,-0.010448407455260166,0.42617446184158325,-0.0461704395711422,0.0001,0.045882986402139066,0.07289794921875,1370,-3.430726501941681,0.008682301,0.2
1691,139,5693440,3366,-0.009495615076157265,0.4117499589920044,-0.035732366144657135,0.0001,0.03697191581944935,0.07105712890625,1380,-3.44723209798336,0.009050081,0.2
1703,140,5734400,3367,-0.010914643835276365,0.6433045566082001,-0.04036776348948479,0.0001,0.021530524472473188,0.07691650390625,1390,-3.441431831419468,0.008758968,0.2
1715,141,5775360,3365,-0.011474617244093679,0.4493354558944702,-0.03680648282170296,0.0001,0.02056462500244379,0.06767822265625,1400,-3.426205250620842,0.007949521,0.2
1727,142,5816320,3366,-0.01022353988577379,0.5540764331817627,-0.0299298744648695,0.0001,0.023189335332717748,0.07763671875,1410,-3.446001361310482,0.008596596,0.2
1739,143,5857280,3367,-0.010920441414928064,0.43790358304977417,-0.035245347768068314,0.0001,0.03833451441605575,0.07805908203125,1420,-3.409600345492363,0.008527648,0.2
1751,144,5898240,3368,-0.011000560218526516,0.3651692271232605,-0.03202515095472336,0.0001,0.04014989824849181,0.0780859375,1430,-3.415768925845623,0.008645309,0.2
1762,145,5939200,3369,-0.011217597643844784,0.4669839143753052,-0.04150392860174179,0.0001,0.02602765787858516,0.08028564453125,1440,-3.4186641559004785,0.008810638,0.2
1774,146,5980160,3370,-0.010345744707883568,0.5662001073360443,-0.026468344032764435,0.0001,0.03407811649958603,0.07268798828125,1450,-3.4150035589933396,0.008541819,0.2
1786,147,6021120,3371,-0.010138619531062432,0.33250683546066284,-0.022039178758859634,0.0001,0.0436124672810547,0.071259765625,1460,-3.4290751120448113,0.00837958,0.2
1797,148,6062080,3372,-0.010514263058394136,0.1938912272453308,-0.03318169713020325,0.0001,0.04152186396531761,0.07956787109375,1470,-3.43491141974926,0.008693807,0.2
1809,149,6103040,3372,-0.009821861853997688,0.26885145902633667,-0.0408821776509285,0.0001,0.047233021219726654,0.0663134765625,1480,-3.4169074550271032,0.008002807,0.2
1821,150,6144000,3373,-0.010433754028636031,0.3233880400657654,-0.03537503629922867,0.0001,0.04325018635485321,0.071298828125,1490,-3.4222384917736055,0.0085153235,0.2
1832,151,6184960,3375,-0.010935292305075563,0.4682585597038269,-0.028874536976218224,0.0001,0.03739193877670914,0.07110107421875,1500,-3.4246445602178572,0.008571419,0.2
1844,152,6225920,3376,-0.010659516136947787,0.2842192053794861,-0.027435047551989555,0.0001,0.05098178730229847,0.0759912109375,1510,-3.4125055012106897,0.008278524,0.2
1855,153,6266880,3376,-0.010303122115437872,0.4258103370666504,-0.036623090505599976,0.0001,0.03568242892157286,0.06850830078125,1520,-3.404893996417522,0.008012155,0.2
1867,154,6307840,3377,-0.010398068038630299,0.4051036834716797,-0.03348424658179283,0.0001,0.048088179231854156,0.07831298828125,1530,-3.398893990814686,0.008461447,0.2
1879,155,6348800,3378,-0.010780652950707008,0.42889147996902466,-0.022582415491342545,0.0001,0.04010244879988022,0.0758642578125,1540,-3.414348095357418,0.008391249,0.2
1890,156,6389760,3379,-0.011286352875104058,0.3754177689552307,-0.023261385038495064,0.0001,0.040149775177706036,0.0759521484375,1550,-3.4035990792512893,0.008454204,0.2
1902,157,6430720,3379,-0.009774206735019107,0.32656413316726685,-0.026169337332248688,0.0001,0.048656727096531543,0.0782470703125,1560,-3.3888928657770157,0.008303073,0.2
1914,158,6471680,3380,-0.01163344510452589,0.34411704540252686,-0.042031556367874146,0.0001,0.03416975171188824,0.0773583984375,1570,-3.391726813018322,0.00838816,0.2
1925,159,6512640,3381,-0.00980948491313029,0.35947930812835693,-0.03748849034309387,0.0001,0.04185645381337963,0.06682861328125,1580,-3.39431493550539,0.008024556,0.2
1937,160,6553600,3382,-0.011483893722470384,0.4430807828903198,-0.028941508382558823,0.0001,0.04645986463176086,0.08093017578125,1590,-3.380486655831337,0.008717632,0.2
1949,161,6594560,3383,-0.010784914665855468,0.4200130105018616,-0.020420020446181297,0.0001,0.031169592122314498,0.07479736328125,1600,-3.4022246119379997,0.008477104,0.2
1961,162,6635520,3383,-0.009462999922834569,0.45442038774490356,-0.009949415922164917,0.0001,0.042672411284875124,0.06715576171875,1610,-3.3791969183087347,0.00838242,0.2
1973,163,6676480,3383,-0.012013151079700038,0.3976268172264099,-0.036953382194042206,0.0001,0.03512447153800167,0.0818408203125,1620,-3.380778896808624,0.009093019,0.2
1985,164,6717440,3383,-0.011605445029854309,0.36378467082977295,-0.0327552929520607,0.0001,0.0477757053100504,0.07837890625,1630,-3.382347418367863,0.009007662,0.2
1996,165,6758400,3384,-0.011459676375743584,0.40118902921676636,-0.03615717589855194,0.0001,0.03395089114666917,0.07455078125,1640,-3.3680551239848135,0.008732079,0.2
2008,166,6799360,3385,-0.010202522897161543,0.3214700222015381,-0.017743073403835297,0.0001,0.049155459112953395,0.07517333984375,1650,-3.3711856877803803,0.008634336,0.2
2020,167,6840320,3385,-0.010485140068194596,0.29030483961105347,-0.03929568827152252,0.0001,0.04585326816421002,0.07818359375,1660,-3.363113733232021,0.008650846,0.2
2032,168,6881280,3385,-0.010520978065324016,0.336375892162323,-0.029086899012327194,0.0001,0.040416159639135,0.07343505859375,1670,-3.351154923439026,0.0088020405,0.2
2044,169,6922240,3385,-0.01029709638809436,0.388444185256958,-0.02341926284134388,0.0001,0.043847020890098065,0.06981201171875,1680,-3.3590582451224327,0.008629971,0.2
2056,170,6963200,3385,-0.010805404255370377,0.33103692531585693,-0.027536684647202492,0.0001,0.04425723773194477,0.069345703125,1690,-3.348000075519085,0.00839842,0.2
2068,171,7004160,3385,-0.010909849623567424,0.322245717048645,-0.03244338184595108,0.0001,0.05561100474558771,0.07738525390625,1700,-3.3512199652194976,0.008720981,0.2
2080,172,7045120,3386,-0.010139546792051988,0.4054189920425415,-0.020685553550720215,0.0001,0.03864649035967886,0.071220703125,1710,-3.345462048947811,0.008461731,0.2
2092,173,7086080,3386,-0.01063614305036026,0.3561810851097107,-0.03378726541996002,0.0001,0.05266987528884783,0.07503662109375,1720,-3.3428722217679026,0.008835446,0.2
2104,174,7127040,3387,-0.011085061785270228,0.362129807472229,-0.0401887372136116,0.0001,0.04473467265255749,0.0767626953125,1730,-3.337962999343872,0.008878236,0.2
2115,175,7168000,3387,-0.0100065346917836,0.451252281665802,-0.02398170530796051,0.0001,0.059398712646216156,0.067529296875,1740,-3.334909763634205,0.008074406,0.2
2127,176,7208960,3387,-0.011448348553676624,0.5686749219894409,-0.032854557037353516,0.0001,0.04589404132915661,0.0806005859375,1750,-3.3340222266316415,0.008888515,0.2
2139,177,7249920,3388,-0.009458050258253935,0.5043986737728119,-0.02588113211095333,0.0001,0.06645179939456285,0.07261962890625,1760,-3.3419718927145006,0.008587706,0.2
2151,178,7290880,3388,-0.009847261813702062,0.32932645082473755,-0.004516612738370895,0.0001,0.08944093423662708,0.07431640625,1770,-3.326465260088444,0.008511134,0.2
2163,179,7331840,3389,-0.011362863377289614,0.4778815507888794,-0.011454228311777115,0.0001,0.0532120008696802,0.0862060546875,1780,-3.3496727302670477,0.0096124,0.2
2175,180,7372800,3389,-0.009995271952211624,0.4919135570526123,-0.020341068506240845,0.0001,0.05515272573335096,0.06947265625,1790,-3.346203136742115,0.008065799,0.2
2186,181,7413760,3390,-0.011657767001597676,0.4151875972747803,-0.03126068413257599,0.0001,0.050424891125876455,0.076650390625,1800,-3.3519953843951225,0.009079507,0.2
2198,182,7454720,3390,-0.010365539419726701,0.37764453887939453,-0.009590845555067062,0.0001,0.06179958041291684,0.0780029296875,1810,-3.3381906625628472,0.008471051,0.2
2210,183,7495680,3390,-0.010867603659280576,0.34810924530029297,-0.02806408517062664,0.0001,0.07388632271438837,0.0771923828125,1820,-3.323575133681297,0.008554727,0.2
2222,184,7536640,3390,-0.010516869983403012,0.37567007541656494,-0.02773350477218628,0.0001,0.056104900788050145,0.0786083984375,1830,-3.328143801987171,0.008501785,0.2
2234,185,7577600,3391,-0.010515682543846196,0.3259415030479431,-0.038790732622146606,0.0001,0.05184821458533406,0.08084716796875,1840,-3.3355356782674788,0.008723817,0.2
2246,186,7618560,3391,-0.011159403619531076,0.34802675247192383,-0.027689129114151,0.0001,0.06680022140732035,0.08319580078125,1850,-3.3233401548862456,0.009050772,0.2
2258,187,7659520,3391,-0.011354772795166355,0.3516532778739929,-0.029941527172923088,0.0001,0.04595430593006313,0.07853515625,1860,-3.3193070355057714,0.008582469,0.2
2269,188,7700480,3392,-0.009229037188051735,0.3824942708015442,-0.008807241916656494,0.0001,0.07731463134521618,0.07237060546875,1870,-3.326482548415661,0.008857718,0.2
2282,189,7741440,3391,-0.01076346840171027,0.3199961185455322,0.01439455896615982,0.0001,0.09331840591738,0.08024169921875,1880,-3.3105326554179193,0.009034152,0.2
2294,190,7782400,3392,-0.010297438020061236,0.34064507484436035,-0.02633822336792946,0.0001,0.06095835197018459,0.07482666015625,1890,-3.312573170363903,0.008465869,0.2
2305,191,7823360,3392,-0.01062145677053195,0.46378016471862793,-0.027879446744918823,0.0001,0.047140652514062825,0.0772705078125,1900,-3.2990877708792685,0.008679246,0.2
2317,192,7864320,3392,-0.0098943804713781,0.41467761993408203,-0.029510347172617912,0.0001,0.06144535270519555,0.077783203125,1910,-3.3030182749032972,0.008788164,0.2
2329,193,7905280,3393,-0.010074508881079964,0.46880871057510376,-0.025267891585826874,0.0001,0.056410829580854624,0.0753955078125,1920,-3.2998078075051307,0.008621422,0.2
2341,194,7946240,3393,-0.010599292150291149,0.4452316164970398,-0.020414430648088455,0.0001,0.05179571370361373,0.07425048828125,1930,-3.313684744536877,0.0086882645,0.2
2353,195,7987200,3393,-0.01051805903261993,0.34939396381378174,-0.0097622349858284,0.0001,0.07200925019569696,0.07148681640625,1940,-3.30390806466341,0.00833025,0.2
2365,196,8028160,3394,-0.010765574348770315,0.4088274836540222,-0.029956551268696785,0.0001,0.06906407421920449,0.079208984375,1950,-3.3113719350099564,0.008423968,0.2
2377,197,8069120,3394,-0.00978410866620834,0.3064693212509155,-0.0337541364133358,0.0001,0.0792808035062626,0.07227294921875,1960,-3.274878290593624,0.008542558,0.2
2388,198,8110080,3395,-0.011412662008951883,0.4270437955856323,-0.03362052142620087,0.0001,0.050609290855936705,0.0757568359375,1970,-3.2941762697696686,0.008655836,0.2
2400,199,8151040,3395,-0.009997026160708628,0.28293800354003906,-0.01620737463235855,0.0001,0.06679815736366436,0.07709716796875,1980,-3.3187776359915735,0.008488545,0.2
2412,200,8192000,3395,-0.011131412550894311,0.34817004203796387,-0.029683604836463928,0.0001,0.05599535970482975,0.071220703125,1990,-3.293724040389061,0.008836006,0.2
2424,201,8232960,3396,-0.010330929023621139,0.33856308460235596,-0.01536581665277481,0.0001,0.07128533591050655,0.073017578125,2000,-3.278573568165302,0.008503291,0.2
2435,202,8273920,3396,-0.009627682946884306,0.47395551204681396,-0.028698371723294258,0.0001,0.05352650095243007,0.07562255859375,2010,-3.295911086797714,0.008395788,0.2
2447,203,8314880,3397,-0.010506622811371926,0.5205415785312653,-0.026129882782697678,0.0001,0.0491032714326866,0.0761328125,2020,-3.281177598834038,0.00887136,0.2
2459,204,8355840,3397,-0.010563688106485643,0.3945581316947937,-0.014737144112586975,0.0001,0.07187456344952807,0.07460693359375,2030,-3.295640610456467,0.009078443,0.2
2471,205,8396800,3397,-0.011363750330929179,0.32491785287857056,-0.01964641362428665,0.0001,0.05978944691829383,0.08149658203125,2040,-3.276042105257511,0.009125421,0.2
2483,206,8437760,3398,-0.010110910953953863,0.37246108055114746,-0.01999334804713726,0.0001,0.05939456467749551,0.064716796875,2050,-3.3033943790197373,0.007888821,0.2
2495,207,8478720,3398,-0.011401449997210876,0.37377142906188965,-0.027812687680125237,0.0001,0.05728409146191552,0.07874267578125,2060,-3.2848827877640723,0.00871675,0.2
2507,208,8519680,3398,-0.009123412296612515,0.30240315198898315,0.00034271925687789917,0.0001,0.11774411042686551,0.07048583984375,2070,-3.295282346904278,0.008416643,0.2
2519,209,8560640,3398,-0.011590689652657603,0.5070337653160095,-0.021317629143595695,0.0001,0.06256021396489814,0.07984130859375,2080,-3.288755924701691,0.00892253,0.2
2531,210,8601600,3398,-0.010751738127146382,0.3858584761619568,-0.011778395622968674,0.0001,0.08216172550339251,0.0761376953125,2090,-3.2817252376675605,0.00836091,0.2
2543,211,8642560,3398,-0.010545056953342282,0.458808958530426,-0.02225550077855587,0.0001,0.06068904774729163,0.08062744140625,2100,-3.2803936663269995,0.008601103,0.2
2555,212,8683520,3398,-0.010413064879685408,0.42657047510147095,-0.022041797637939453,0.0001,0.07452969667036086,0.077939453125,2110,-3.282925358712673,0.008854626,0.2
2566,213,8724480,3398,-0.011406767115113325,0.4168187975883484,-0.03764575347304344,0.0001,0.05402840344002471,0.08094482421875,2120,-3.267812342047691,0.008802471,0.2
2578,214,8765440,3398,-0.01098552089446457,0.44232773780822754,-0.0350993387401104,0.0001,0.0657536744675599,0.07776123046875,2130,-3.2736928898096083,0.008497352,0.2
2590,215,8806400,3399,-0.011642569800460478,0.5093259215354919,-0.02680833265185356,0.0001,0.0637195183779113,0.0856591796875,2140,-3.252534137070179,0.009163531,0.2
2602,216,8847360,3399,-0.010177046551834792,0.4978901743888855,-0.017868516966700554,0.0001,0.06100785497575998,0.07543701171875,2150,-3.23433448523283,0.008650685,0.2
2614,217,8888320,3399,-0.01131068992515793,0.5437953770160675,-0.02212931588292122,0.0001,0.062600470201578,0.0751025390625,2160,-3.2481901749968527,0.008805286,0.2
2626,218,8929280,3399,-0.010768333403539145,0.3194476366043091,-0.0221188236027956,0.0001,0.07756226684898138,0.08049560546875,2170,-3.258211776614189,0.009197427,0.2
2638,219,8970240,3400,-0.009627714079106226,0.33509743213653564,-0.011717081069946289,0.0001,0.09051070353016258,0.07305419921875,2180,-3.2552608221769335,0.008522313,0.2
2650,220,9011200,3400,-0.010584397210041062,0.3893357515335083,-0.0058035291731357574,0.0001,0.07902252056403086,0.07228271484375,2190,-3.2541961151361467,0.008338427,0.2
2661,221,9052160,3400,-0.010819982662796974,0.41233474016189575,-0.013073999434709549,0.0001,0.07107770953793079,0.079208984375,2200,-3.228619340658188,0.008959217,0.2
2673,222,9093120,3400,-0.011542212155472954,0.5773492455482483,-0.031638018786907196,0.0001,0.04705068100243807,0.07576904296875,2210,-3.243071949481964,0.00833925,0.2
2685,223,9134080,3400,-0.010820790186335217,0.33379578590393066,0.001260180026292801,0.0001,0.08069648502394557,0.0817578125,2220,-3.2442053270339968,0.008832591,0.2
2697,224,9175040,3400,-0.01144029869523365,0.37346577644348145,-0.03284852206707001,0.0001,0.06340435649268329,0.078642578125,2230,-3.2467959076166153,0.008773978,0.2
2709,225,9216000,3401,-0.010912607289501466,0.30649542808532715,-0.023072144016623497,0.0001,0.07007857054471969,0.0753662109375,2240,-3.263844654262066,0.008468132,0.2
2721,226,9256960,3401,-0.010097802764503285,0.3779025673866272,-0.013547811657190323,0.0001,0.08218255271436646,0.08055908203125,2250,-3.2153624379634858,0.009197275,0.2
2733,227,9297920,3401,-0.010033612213737797,0.5686042606830597,-0.025153987109661102,0.0001,0.07618216741131618,0.07515625,2260,-3.236930369436741,0.0085892435,0.2
2744,228,9338880,3402,-0.010528072644810892,0.5279289782047272,-0.019086694344878197,0.0001,0.07151249082526193,0.08129150390625,2270,-3.2343054205179214,0.009170931,0.2
2756,229,9379840,3402,-0.0122034510463709,0.43153154850006104,-0.025128891691565514,0.0001,0.0512223731726408,0.08057861328125,2280,-3.221332660317421,0.008811166,0.2
2768,230,9420800,3402,-0.009652099665836432,0.39763253927230835,-0.031217258423566818,0.0001,0.07010626724222675,0.06937255859375,2290,-3.2272507539391517,0.008247621,0.2
2780,231,9461760,3403,-0.011148836687061703,0.4344049096107483,-0.03742270916700363,0.0001,0.08602401935029774,0.07545654296875,2300,-3.221460282802582,0.008502616,0.2
2792,232,9502720,3403,-0.010926999858784257,0.44239866733551025,-0.007185220718383789,0.0001,0.07023203037213534,0.0812109375,2310,-3.2144092440605165,0.009345098,0.2
2804,233,9543680,3403,-0.01010269590668031,0.25639206171035767,-0.017085440456867218,0.0001,0.10922192573081702,0.07503173828125,2320,-3.22857261300087,0.008383947,0.2
2815,234,9584640,3403,-0.010205633889563614,0.3243411183357239,-0.03150785714387894,0.0001,0.081122999524232,0.08004150390625,2330,-3.2154750514030455,0.009064053,0.2
2827,235,9625600,3404,-0.010177735525212483,0.3360999822616577,-0.02256372570991516,0.0001,0.06468488589627669,0.07547607421875,2340,-3.2277858728170394,0.0084778275,0.2
2839,236,9666560,3404,-0.011630947934754658,0.33324211835861206,-0.01685013249516487,0.0001,0.06228443042375147,0.0885498046875,2350,-3.2135015827417375,0.009541983,0.2
2851,237,9707520,3404,-0.01155333087372128,0.3643946051597595,-0.02678077295422554,0.0001,0.06783079584361985,0.07547607421875,2360,-3.2083175256848335,0.008698213,0.2
2863,238,9748480,3404,-0.01059147434978513,0.3263864517211914,-0.008391883224248886,0.0001,0.06074448550585657,0.07352783203125,2370,-3.2193814834952352,0.008260812,0.2
2875,239,9789440,3404,-0.010829415815969697,0.329973042011261,-0.022730916738510132,0.0001,0.06181564603932202,0.08396728515625,2380,-3.1858577209711076,0.008794588,0.2
2887,240,9830400,3404,-0.010063527702877764,0.32303786277770996,-0.005565259605646133,0.0001,0.08944376651430502,0.0798583984375,2390,-3.2059782159328463,0.008769317,0.2
2899,241,9871360,3405,-0.010558323175937403,0.28088146448135376,-0.004397977143526077,0.0001,0.07486487763701007,0.08096435546875,2400,-3.205754691958427,0.009128252,0.2
2911,242,9912320,3404,-0.01080240077484632,0.3872694969177246,-0.019462373107671738,0.0001,0.07802172606112436,0.07669189453125,2410,-3.1850694596767424,0.008509823,0.2
2923,243,9953280,3404,-0.01099059827189194,0.4166078567504883,-0.023169947788119316,0.0001,0.0775273206178099,0.07222412109375,2420,-3.1763106825947762,0.008215228,0.2
2935,244,9994240,3405,-0.011384143996838247,0.4267178177833557,-0.01119910553097725,0.0001,0.08252114632166922,0.08547607421875,2430,-3.1804532745480536,0.008991184,0.2
2947,245,10035200,3404,-0.010549051648704335,0.36887967586517334,-0.014823775738477707,0.0001,0.09779619625303894,0.08180908203125,2440,-3.182064587175846,0.009149788,0.2
2959,246,10076160,3404,-0.010946541641897057,0.4423549175262451,-0.027090895920991898,0.0001,0.08932224987074733,0.087001953125,2450,-3.194664298593998,0.009692066,0.2
2971,247,10117120,3404,-0.010935786293048295,0.39868688583374023,0.015805698931217194,0.0001,0.0855972664267756,0.0757861328125,2460,-3.1904487943649293,0.008389438,0.2
2983,248,10158080,3404,-0.011027278295805444,0.4472118020057678,-0.015740888193249702,0.0001,0.06403370673768222,0.07608642578125,2470,-3.190774454176426,0.008701198,0.2
2995,249,10199040,3404,-0.0110568440327188,0.49908447265625,-0.03073294647037983,0.0001,0.05583324701990932,0.0774365234375,2480,-3.1944008684158325,0.009026656,0.2
3007,250,10240000,3404,-0.010786789796984522,0.38099533319473267,-0.0204363614320755,0.0001,0.0786352726072073,0.07913330078125,2490,-3.179760014116764,0.00912034,0.2
3019,251,10280960,3404,-0.010961713203287218,0.4341941475868225,0.024411030113697052,0.0001,0.08979763703420758,0.08340087890625,2500,-3.1872114989161493,0.008899099,0.2
3031,252,10321920,3404,-0.010539835884555942,0.39102524518966675,-0.0004083886742591858,0.0001,0.10214912552153692,0.079033203125,2510,-3.1739464735984804,0.008870747,0.2
3043,253,10362880,3404,-0.010652038031985285,0.5102421045303345,-0.016882922500371933,0.0001,0.08070370909757912,0.073017578125,2520,-3.180549327433109,0.008543679,0.2
3055,254,10403840,3404,-0.011066847509500804,0.4419609308242798,0.0046955011785030365,0.0001,0.09374093563994393,0.08403564453125,2530,-3.1974144002795217,0.009011992,0.2
3067,255,10444800,3404,-0.010960487265547271,0.4138626456260681,-0.009685017168521881,0.0001,0.08076069785049185,0.084052734375,2540,-3.1848103696107866,0.00908393,0.2
3079,256,10485760,3404,-0.010522968472869251,0.4897002577781677,-0.022452497854828835,0.0001,0.05763262972002849,0.0713232421875,2550,-3.1721175518631934,0.008272502,0.2
3091,257,10526720,3405,-0.010462955408438574,0.4536663293838501,0.03580830246210098,0.0001,0.1301588153420016,0.08189453125,2560,-3.167101908624172,0.00880512,0.2
3103,258,10567680,3404,-0.010828303275629877,0.6172379553318024,-0.02782384306192398,0.0001,0.0690180934825912,0.08051025390625,2570,-3.171283971965313,0.00891318,0.2
3115,259,10608640,3404,-0.010475679012743058,0.4450010061264038,-0.022213535383343697,0.0001,0.0802257120120339,0.08258056640625,2580,-3.168109551668167,0.009348015,0.2
3127,260,10649600,3404,-0.009840866962549625,0.5069499313831329,-0.040300339460372925,0.0001,0.05301409433828667,0.06853515625,2590,-3.1731933695077896,0.008112662,0.2
3139,261,10690560,3404,-0.010538182449236046,0.48315781354904175,-0.02173597365617752,0.0001,0.07276049711275846,0.08582763671875,2600,-3.1822474947571755,0.009204665,0.2
3151,262,10731520,3405,-0.01126134662408731,0.390508234500885,-0.012825638055801392,0.0001,0.09480227110674605,0.08060302734375,2610,-3.171695423424244,0.00919203,0.2
3163,263,10772480,3405,-0.010790478556664311,0.4475712776184082,0.009147211909294128,0.0001,0.0730175510700792,0.0831591796875,2620,-3.157494085431099,0.009050359,0.2
3175,264,10813440,3405,-0.011086770969995996,0.3667781949043274,-0.021705100312829018,0.0001,0.09532886491157115,0.08621826171875,2630,-3.166909069120884,0.009386614,0.2
3186,265,10854400,3405,-0.011284831581142497,0.4942095875740051,-0.029648348689079285,0.0001,0.05170346313389018,0.07572509765625,2640,-3.161365723013878,0.008808149,0.2
3198,266,10895360,3405,-0.010394207154895412,0.35507452487945557,-0.034331314265728,0.0001,0.09433061629766598,0.07768798828125,2650,-3.161682152450085,0.008474362,0.2
3210,267,10936320,3406,-0.010950666777353036,0.4505887031555176,-0.01568165421485901,0.0001,0.08435801442945376,0.07368408203125,2660,-3.160259307026863,0.008437119,0.2
3222,268,10977280,3406,-0.010336739615449914,0.502737820148468,-0.03749072179198265,0.0001,0.07931127341231331,0.07068115234375,2670,-3.1598207196593284,0.008236646,0.2
3234,269,11018240,3406,-0.011644488996971632,0.3354772925376892,-0.02912282571196556,0.0001,0.07174590431852267,0.07842529296875,2680,-3.1474884167313575,0.00848813,0.2
3246,270,11059200,3406,-0.010677956330328016,0.35582786798477173,-0.015560030937194824,0.0001,0.0742136604944244,0.07462158203125,2690,-3.1258066484332083,0.008471775,0.2
3258,271,11100160,3406,-0.011814402519521537,0.3505905866622925,-0.019610365852713585,0.0001,0.05924161455826834,0.08254150390625,2700,-3.1360072168707847,0.008815874,0.2
3270,272,11141120,3406,-0.011196683501912047,0.35564208030700684,-0.03173566982150078,0.0001,0.07106200308771804,0.07991455078125,2710,-3.1375300639867785,0.008974274,0.2
3282,273,11182080,3406,-0.010073426992021269,0.27872222661972046,-0.020934265106916428,0.0001,0.09322775493841619,0.07682373046875,2720,-3.1334397426247595,0.008217024,0.2
3294,274,11223040,3406,-0.010040481943433406,0.25481200218200684,-0.011066336184740067,0.0001,0.08084396369755269,0.0819775390625,2730,-3.151560475230217,0.008949858,0.2
3306,275,11264000,3406,-0.010434875590581214,0.36472809314727783,-0.02040969394147396,0.0001,0.06447225740877911,0.07865966796875,2740,-3.127567274570465,0.008833319,0.2
3318,276,11304960,3406,-0.010048777613847051,0.4236013889312744,-0.023627709597349167,0.0001,0.08044709691079334,0.08050537109375,2750,-3.1417174369096754,0.0088523235,0.2
3330,277,11345920,3406,-0.010309208408580161,0.4356846213340759,0.024588678032159805,0.0001,0.07926177527988329,0.07180419921875,2760,-3.141769532561302,0.00851929,0.2
3342,278,11386880,3406,-0.011189118209586013,0.45750224590301514,-0.02716064639389515,0.0001,0.09424029087182134,0.07562255859375,2770,-3.135746228992939,0.008461858,0.2
3354,279,11427840,3406,-0.010719155854312703,0.4469759464263916,-0.009554710239171982,0.0001,0.09339852344244719,0.0750537109375,2780,-3.112198349237442,0.008751573,0.2
3366,280,11468800,3406,-0.011340635757223936,0.3814021348953247,-0.01799369603395462,0.0001,0.0782870304491371,0.0881396484375,2790,-3.1541947042942047,0.009525148,0.2
3378,281,11509760,3406,-0.012283567583217518,0.6155526638031006,-0.021886197850108147,0.0001,0.06387646030168981,0.0812744140625,2800,-3.1576627498865126,0.008973897,0.2
3390,282,11550720,3406,-0.011839217552478657,0.4576154947280884,-0.0029259920120239258,0.0001,0.08476938488893211,0.08284423828125,2810,-3.1484840971231463,0.008890851,0.2
3402,283,11591680,3406,-0.010858727702579927,0.4758721590042114,-0.017241476103663445,0.0001,0.06640792378690094,0.07779296875,2820,-3.149532364308834,0.008931574,0.2
3414,284,11632640,3406,-0.012173544715260505,0.40505850315093994,-0.030840802937746048,0.0001,0.06775633417302743,0.0837451171875,2830,-3.1332075467705724,0.009056683,0.2
3426,285,11673600,3406,-0.010646518959256356,0.5205681622028351,-0.01000659167766571,0.0001,0.07023063152097166,0.0764111328125,2840,-3.1498088505864144,0.00892085,0.2
3438,286,11714560,3407,-0.009761024769213691,0.5274838507175446,-6.229802966117859e-05,0.0001,0.07966133566573262,0.0769970703125,2850,-3.1459332317113877,0.00847855,0.2
3450,287,11755520,3407,-0.009985800068243407,0.49063539505004883,-0.006556546315550804,0.0001,0.06776742440648377,0.0713818359375,2860,-3.163486393690109,0.008191593,0.2
3462,288,11796480,3407,-0.010827900214499095,0.49829089641571045,-0.025958877056837082,0.0001,0.07635117445839569,0.0759716796875,2870,-3.153156603872776,0.00882663,0.2
3474,289,11837440,3407,-0.010472658777871402,0.5078475475311279,-0.02100009098649025,0.0001,0.08533104761037975,0.0798095703125,2880,-3.1370516750216484,0.009028725,0.2
3486,290,11878400,3407,-0.010395610682171536,0.5555678308010101,-0.011774800717830658,0.0001,0.08659518957603723,0.0768505859375,2890,-3.1602500540018084,0.008686254,0.2
3497,291,11919360,3407,-0.011004538752604275,0.5224166512489319,-0.014021530747413635,0.0001,0.07936161500168964,0.07845458984375,2900,-3.140380944609642,0.0083653,0.2
3510,292,11960320,3407,-0.010089369339402765,0.5103446543216705,-0.015205826610326767,0.0001,0.09336271136067807,0.07825439453125,2910,-3.136402771174908,0.008735878,0.2
3521,293,12001280,3407,-0.010079437526437687,0.6400275230407715,-0.022575683891773224,0.0001,0.08873949218541384,0.07571533203125,2920,-3.1497996270656587,0.008417115,0.2
3533,294,12042240,3407,-0.010398000265995506,0.6218024492263794,-0.03153061866760254,0.0001,0.08120912371668965,0.07328857421875,2930,-3.1375612664222716,0.00848008,0.2
3545,295,12083200,3407,-0.010785422600238235,0.5802919268608093,-0.020917844027280807,0.0001,0.07223570805275813,0.0828271484375,2940,-3.1794266325235365,0.009307982,0.2
3557,296,12124160,3407,-0.011305744344281266,0.5635437369346619,-0.007887206971645355,0.0001,0.08077787739923224,0.081171875,2950,-3.1620690515637397,0.008779317,0.2
3569,297,12165120,3408,-0.010485145884158555,0.42531538009643555,0.009605411440134048,0.0001,0.10240174840204418,0.08112548828125,2960,-3.1635750535130502,0.008948574,0.2
3581,298,12206080,3408,-0.010733455552181113,0.4868960976600647,-0.021700073033571243,0.0001,0.07981328904861584,0.0762548828125,2970,-3.14179604023695,0.008679824,0.2
3593,299,12247040,3408,-0.010555643271654844,0.40464329719543457,-0.030408114194869995,0.0001,0.10722218543291091,0.08901123046875,2980,-3.1692201775312423,0.009594758,0.2
3605,300,12288000,3408,-0.0108188365449314,0.37591713666915894,-0.019511345773935318,0.0001,0.1077304304856807,0.08552978515625,2990,-3.160925118029118,0.009124963,0.2
3616,301,12328960,3408,-0.011256301960092968,0.5286753177642822,-0.02580072730779648,0.0001,0.06840388303622603,0.08822265625,3000,-3.1488571202754976,0.00927623,0.2
3628,302,12369920,3408,-0.010908924543909961,0.5938764214515686,-0.02146856300532818,0.0001,0.05467606544494629,0.07858154296875,3010,-3.147092271447182,0.008718738,0.2
3640,303,12410880,3408,-0.010790094393159961,0.5357344448566437,-0.009942881762981415,0.0001,0.08202912517823278,0.0727099609375,3020,-3.1572878980636596,0.00834129,0.2
3652,304,12451840,3408,-0.010552493391151075,0.440071702003479,0.010049793869256973,0.0001,0.0945925826812163,0.081005859375,3030,-3.137879126966,0.009065899,0.2
3664,305,12492800,3408,-0.010978731020004488,0.494845986366272,-0.020305782556533813,0.0001,0.08492287680041045,0.08201171875,3040,-3.1464955976605413,0.008832032,0.2
3676,306,12533760,3408,-0.01072949599751155,0.433880090713501,-0.0144214928150177,0.0001,0.09137074671685695,0.08008544921875,3050,-3.161195237338543,0.0085812695,0.2
3688,307,12574720,3409,-0.010541440503147896,0.43996667861938477,0.00755707174539566,0.0001,0.09853234304813668,0.07355712890625,3060,-3.162891555428505,0.008451989,0.2
3700,308,12615680,3409,-0.010604216039209859,0.4811905026435852,-0.009852815419435501,0.0001,0.07498153007589281,0.0709814453125,3070,-3.1783165341615676,0.008159256,0.2
3712,309,12656640,3409,-0.011601956407685066,0.5306792557239532,-0.0021103285253047943,0.0001,0.07565768867265434,0.0932763671875,3080,-3.1474615132808683,0.009582737,0.2
3724,310,12697600,3409,-0.011309100304206367,0.43957382440567017,-0.010363280773162842,0.0001,0.08198287965031341,0.0825,3090,-3.1429679542779922,0.009131642,0.2
3735,311,12738560,3409,-0.011196403289650334,0.4764769673347473,-0.010707540437579155,0.0001,0.0737041062139906,0.0874169921875,3100,-3.13346831291914,0.008912099,0.2
3748,312,12779520,3409,-0.01120622148635448,0.3744405508041382,-0.013187658041715622,0.0001,0.06942337888525799,0.08128662109375,3110,-3.160260035991669,0.009028181,0.2
3760,313,12820480,3409,-0.01073280224809423,0.39517247676849365,-0.007551990449428558,0.0001,0.08184085994027555,0.07838623046875,3120,-3.1476242843270303,0.008624532,0.2
3772,314,12861440,3409,-0.011424699985363987,0.47575056552886963,-0.003618251532316208,0.0001,0.0719537363620475,0.08927490234375,3130,-3.1345966532826424,0.009486902,0.2
3784,315,12902400,3409,-0.010280027811095351,0.4183523654937744,-0.018909651786088943,0.0001,0.10734018936753273,0.07743408203125,3140,-3.143656370639801,0.008639494,0.2
3796,316,12943360,3409,-0.010749926017451799,0.4103856682777405,0.038714632391929626,0.0001,0.1127128316508606,0.077509765625,3150,-3.149822863936424,0.008987983,0.2
3808,317,12984320,3409,-0.01186584498078446,0.5086091160774231,-0.00558161735534668,0.0001,0.06745436866069213,0.07734375,3160,-3.144368530213833,0.008506728,0.2
3820,318,13025280,3409,-0.010579355623194715,0.43737292289733887,-0.021173648536205292,0.0001,0.07935153571190312,0.08537353515625,3170,-3.144560299515724,0.008647467,0.2
3832,319,13066240,3409,-0.009600043844693573,0.4682295322418213,0.059060364961624146,0.0001,0.10057018593419344,0.0694970703125,3180,-3.143965823352337,0.0083640795,0.2
3844,320,13107200,3409,-0.010835540636180667,0.6005638539791107,-0.03367648273706436,0.0001,0.06289319363888353,0.079990234375,3190,-3.162651298940182,0.008858311,0.2
3856,321,13148160,3409,-0.011086872106679947,0.5425585806369781,-0.023942962288856506,0.0001,0.09472957629244774,0.08983154296875,3200,-3.15571407943964,0.009156424,0.2
3868,322,13189120,3409,-0.010311449200598873,0.5139857232570648,-0.030765874311327934,0.0001,0.062225351636298,0.0720947265625,3210,-3.1947466760873793,0.008568904,0.2
3880,323,13230080,3409,-0.010854715029636282,0.6263362765312195,-0.015092162415385246,0.0001,0.06763906765030697,0.0799755859375,3220,-3.1642990720272066,0.008787805,0.2
3892,324,13271040,3409,-0.010110351160983555,0.5253578424453735,0.0391148217022419,0.0001,0.10459457221906632,0.08142333984375,3230,-3.1535168904066087,0.008740139,0.2
3904,325,13312000,3409,-0.012164209434122313,0.47600287199020386,0.006246175616979599,0.0001,0.0752693724166602,0.09137451171875,3240,-3.187757430970669,0.009648342,0.2
3916,326,13352960,3409,-0.011609947200340684,0.4265407919883728,-0.03704962134361267,0.0001,0.06749751690775156,0.08695068359375,3250,-3.161601907014847,0.009751352,0.2
3928,327,13393920,3409,-0.01111606867518276,0.5139085352420807,-0.028837401419878006,0.0001,0.07801234221551567,0.07951171875,3260,-3.1540725788474084,0.008646902,0.2
3940,328,13434880,3409,-0.01071304540440906,0.41608309745788574,0.00589645653963089,0.0001,0.13404140789527447,0.08138427734375,3270,-3.14326854377985,0.008671468,0.2
3952,329,13475840,3409,-0.011276256714045302,0.3137398362159729,-0.0035996362566947937,0.0001,0.14568889082409442,0.09114990234375,3280,-3.147982398569584,0.00955384,0.2
3964,330,13516800,3409,-0.011019437598006334,0.5339985489845276,-0.015280570834875107,0.0001,0.10521861334796995,0.07900146484375,3290,-3.1457966017723082,0.008912208,0.2
3976,331,13557760,3409,-0.011976489866501652,0.428488552570343,-0.0006934404373168945,0.0001,0.08995279579423368,0.08439208984375,3300,-3.1486989170312882,0.0089612715,0.2
3988,332,13598720,3409,-0.011334244255704107,0.4786193370819092,0.005482662469148636,0.0001,0.10131120023317636,0.07923583984375,3310,-3.1525163680315016,0.008962936,0.2
4000,333,13639680,3409,-0.010444223540835082,0.43660491704940796,-0.007548164576292038,0.0001,0.06806718115694821,0.07796142578125,3320,-3.117490154206753,0.0089861285,0.2
4012,334,13680640,3409,-0.01110415439659846,0.39252209663391113,-0.026113618165254593,0.0001,0.08014410121599212,0.07615234375,3330,-3.1400220879912375,0.008703821,0.2
4024,335,13721600,3409,-0.011391756877128501,0.31415778398513794,-0.029399467632174492,0.0001,0.07262757896212861,0.084580078125,3340,-3.138425066769123,0.0092737395,0.2
4037,336,13762560,3409,-0.011020620161434635,0.43612581491470337,-0.03331664204597473,0.0001,0.08331725512631237,0.084013671875,3350,-3.129901414215565,0.009107139,0.2
4048,337,13803520,3409,-0.01161149766507151,0.3199464678764343,-0.0020612888038158417,0.0001,0.11576801172457635,0.0793359375,3360,-3.1368819937109946,0.00893506,0.2
4060,338,13844480,3409,-0.011377472154345014,0.44019585847854614,-0.018180428072810173,0.0001,0.07053337226156145,0.08212890625,3370,-3.1411538821458818,0.009137939,0.2
4073,339,13885440,3409,-0.011424516877159476,0.43655258417129517,-0.014427367597818375,0.0001,0.10012285716133192,0.07574951171875,3380,-3.1365243369340896,0.00849019,0.2
4085,340,13926400,3409,-0.010774986640026327,0.42829596996307373,-0.021991636604070663,0.0001,0.12107366570737213,0.07661865234375,3390,-3.13280155390501,0.008451428,0.2
4097,341,13967360,3408,-0.00962084780796431,0.38973909616470337,0.05712013691663742,0.0001,0.12456132458057255,0.07661865234375,3400,-3.129936198890209,0.00890933,0.2
4109,342,14008320,3408,-0.01023703297767497,0.4831927418708801,-0.021395796909928322,0.0001,0.07862876280909405,0.08194580078125,3410,-3.10359599083662,0.008523898,0.2
4121,343,14049280,3408,-0.01130114010797115,0.4420374631881714,0.007359456270933151,0.0001,0.09713407460600137,0.0870947265625,3420,-3.1311228239536284,0.009510556,0.2
4133,344,14090240,3408,-0.011099491574423154,0.5670709311962128,-0.01088036596775055,0.0001,0.07154678205726668,0.0821044921875,3430,-3.126274111866951,0.00918912,0.2
4145,345,14131200,3408,-0.010646106944914208,0.37664031982421875,-0.010625053197145462,0.0001,0.14015256247017532,0.0854541015625,3440,-3.107931605875492,0.009160976,0.2
4157,346,14172160,3408,-0.01203280653033289,0.38283324241638184,-0.005189526826143265,0.0001,0.0974505865201354,0.080439453125,3450,-3.1160487443208695,0.0090294955,0.2
4169,347,14213120,3408,-0.010799367451108993,0.4606964588165283,-0.02107851207256317,0.0001,0.0778147737425752,0.08194091796875,3460,-3.1233910208940507,0.008971086,0.2
4181,348,14254080,3408,-0.011604901360697114,0.432262122631073,-0.003499280661344528,0.0001,0.10223092286847532,0.08395751953125,3470,-3.097506220340729,0.009088258,0.2
4193,349,14295040,3408,-0.012563711128168507,0.4497607350349426,-0.02696411684155464,0.0001,0.0695265236753039,0.08285400390625,3480,-3.1179701286554335,0.008785832,0.2
4206,350,14336000,3407,-0.011352587145520374,0.4632711410522461,0.003465864807367325,0.0001,0.08736029390944168,0.08244140625,3490,-3.126224744617939,0.009223938,0.2
4218,351,14376960,3407,-0.010706285992637277,0.30935484170913696,-0.022784903645515442,0.0001,0.0801777172437869,0.07654296875,3500,-3.115731910765171,0.008364009,0.2
4231,352,14417920,3407,-0.011764027533499756,0.4508671760559082,-0.017904944717884064,0.0001,0.07028385826153681,0.082158203125,3510,-3.131972981989384,0.009172238,0.2
4243,353,14458880,3407,-0.0108345067074697,0.42989814281463623,-0.005486629903316498,0.0001,0.08581774488091469,0.0787548828125,3520,-3.123562356233597,0.008877195,0.2
4256,354,14499840,3406,-0.01190256561676506,0.4514244794845581,-0.034291088581085205,0.0001,0.06752660286147147,0.0807568359375,3530,-3.1241098752617837,0.009189296,0.2
4268,355,14540800,3406,-0.011221653328975663,0.6068867146968842,0.007108423858880997,0.0001,0.06065613703336567,0.08113037109375,3540,-3.0964359498023986,0.00924659,0.2
4280,356,14581760,3406,-0.011227542366104898,0.5590792298316956,-0.009661469608545303,0.0001,0.08297585467807948,0.08707763671875,3550,-3.109666730761528,0.009293972,0.2
4292,357,14622720,3406,-0.01162523925100686,0.47495561838150024,-0.004346419125795364,0.0001,0.09494011034723371,0.08947509765625,3560,-3.1186489045619963,0.009497966,0.2
4304,358,14663680,3406,-0.010787680851790356,0.48328697681427,-0.0019130408763885498,0.0001,0.09118129855720326,0.07485107421875,3570,-3.102112748324871,0.008806859,0.2
4317,359,14704640,3406,-0.00960176471489831,0.6370157897472382,-0.015281882137060165,0.0001,0.0755621252860874,0.0736572265625,3580,-3.115387387573719,0.008679353,0.2
4328,360,14745600,3406,-0.010831047064202721,0.4665895104408264,0.029284223914146423,0.0001,0.100608810656704,0.08149658203125,3590,-3.1335679519176485,0.008795027,0.2
4341,361,14786560,3406,-0.010987301428831414,0.5244992673397064,-0.03251703083515167,0.0001,0.08832155994605273,0.07364013671875,3600,-3.1017269521951674,0.008628086,0.2
4353,362,14827520,3406,-0.00980182522078394,0.4856550097465515,-0.0013048872351646423,0.0001,0.09159204449038953,0.07360595703125,3610,-3.1304505652189256,0.008461974,0.2
4365,363,14868480,3406,-0.011098673474043608,0.5539163053035736,-0.016515355557203293,0.0001,0.09800529772415757,0.089248046875,3620,-3.0979696306586266,0.00974251,0.2
4378,364,14909440,3405,-0.011218163605808512,0.5087918341159821,-0.017069874331355095,0.0001,0.093620819975622,0.08123291015625,3630,-3.109137482047081,0.008956407,0.2
4391,365,14950400,3404,-0.01117390361672733,0.5793782770633698,-0.008416198194026947,0.0001,0.08748129656538367,0.08701171875,3640,-3.1098964962363245,0.0093594035,0.2
4403,366,14991360,3404,-0.013068566787114832,0.48987478017807007,-0.02321772836148739,0.0001,0.07714734563138335,0.0890625,3650,-3.113498179614544,0.0093930615,0.2
4414,367,15032320,3404,-0.010906895739026368,0.5053712427616119,-0.03149823844432831,0.0001,0.0862880390137434,0.07982666015625,3660,-3.1151912021636963,0.008834986,0.2
4427,368,15073280,3404,-0.011986735131213209,0.470258891582489,-0.009592127054929733,0.0001,0.0805837649712339,0.0777978515625,3670,-3.102603966593742,0.008723071,0.2
4439,369,15114240,3404,-0.011093418116652175,0.5223981142044067,-0.013619966804981232,0.0001,0.09602014841511845,0.0771044921875,3680,-3.057796681523323,0.008687561,0.2
4450,370,15155200,3404,-0.011207023442257196,0.4514263868331909,-0.016009097918868065,0.0001,0.09568613246548921,0.0782861328125,3690,-3.091147065758705,0.008822491,0.2
4463,371,15196160,3404,-0.010669566396099981,0.4539470672607422,-0.02107107639312744,0.0001,0.08809750049840659,0.0805615234375,3700,-3.106300189495087,0.008649854,0.2
4475,372,15237120,3404,-0.011186343245208263,0.39971739053726196,-0.016928762197494507,0.0001,0.08493252146290615,0.08151123046875,3710,-3.1042278063297273,0.008825504,0.2
4487,373,15278080,3404,-0.010874834331625607,0.40644747018814087,-0.004526559263467789,0.0001,0.10752029461786151,0.07704345703125,3720,-3.0888646733760834,0.00862755,0.2
4499,374,15319040,3404,-0.009568000027356902,0.48475682735443115,-0.028287427499890327,0.0001,0.09970178105169908,0.07420166015625,3730,-3.1097724682092664,0.008643599,0.2
4511,375,15360000,3404,-0.010952698961264105,0.5835979878902435,0.007051412016153336,0.0001,0.08406153856310994,0.08287841796875,3740,-3.1138429376482963,0.009036675,0.2
4523,376,15400960,3404,-0.012092380307149143,0.4297531247138977,0.005864955484867096,0.0001,0.11084566427394747,0.09369873046875,3750,-3.0958760130405425,0.009549124,0.2
4535,377,15441920,3404,-0.011883223839686253,0.4766913056373596,-0.004971027374267578,0.0001,0.11951764033176004,0.0806103515625,3760,-3.1066865345835684,0.009175857,0.2
4547,378,15482880,3404,-0.01067968012066558,0.4643998146057129,0.004169497638940811,0.0001,0.10081795488949866,0.07686767578125,3770,-3.113603739738464,0.008943284,0.2
4559,379,15523840,3404,-0.010121186900796601,0.6648161709308624,-0.022834492847323418,0.0001,0.08214353197719902,0.07548828125,3780,-3.074280228614807,0.008215425,0.2
4571,380,15564800,3404,-0.011697406876992318,0.47642648220062256,-0.006699036806821823,0.0001,0.11551418152172119,0.0812744140625,3790,-3.101640348136425,0.008787133,0.2
4583,381,15605760,3404,-0.011595672649564221,0.6082356572151184,-0.023533722385764122,0.0001,0.07792975165881216,0.0851171875,3800,-3.0870888701081274,0.0091921855,0.2
4595,382,15646720,3404,-0.012988897889881628,0.5619734823703766,-0.020887967199087143,0.0001,0.08881617032457143,0.0840576171875,3810,-3.105366015136242,0.009136875,0.2
4607,383,15687680,3404,-0.011394175645837095,0.574701339006424,-0.013504136353731155,0.0001,0.08516899125883355,0.08429931640625,3820,-3.085016134977341,0.009374829,0.2
4619,384,15728640,3404,-0.011237431057670619,0.5100535154342651,0.013485848903656006,0.0001,0.08417941924650223,0.0811376953125,3830,-3.108070806264877,0.009323743,0.2
4631,385,15769600,3404,-0.0111636222130619,0.5740502774715424,-0.03034544549882412,0.0001,0.09638709290418773,0.0798046875,3840,-3.0939880016446115,0.008872822,0.2
4644,386,15810560,3404,-0.011202301426383201,0.4539867043495178,0.026611633598804474,0.0001,0.09853166585788131,0.0856982421875,3850,-3.0866399839520455,0.009433908,0.2
4656,387,15851520,3403,-0.011123809927084949,0.39475393295288086,-0.021336695179343224,0.0001,0.11515382206067443,0.078095703125,3860,-3.0902895748615267,0.008688941,0.2
4669,388,15892480,3403,-0.01024144592374796,0.5169759690761566,-0.0060196369886398315,0.0001,0.09158196122851223,0.07372314453125,3870,-3.0722643998265267,0.008865021,0.2
4681,389,15933440,3403,-0.010289086786506231,0.4599073529243469,0.05253962427377701,0.0001,0.09937787915347145,0.0761279296875,3880,-3.0909628826379776,0.00825114,0.2
4693,390,15974400,3403,-0.011530727173012565,0.5162963271141052,-0.024155551567673683,0.0001,0.08200554732233285,0.0862353515625,3890,-3.111139763891697,0.009162193,0.2
4705,391,16015360,3403,-0.011733298299659509,0.6035555899143219,-0.021374043077230453,0.0001,0.07037549660773948,0.0842041015625,3900,-3.0990550312399865,0.0093234535,0.2
4717,392,16056320,3403,-0.011361655431828694,0.6087175011634827,-0.029389269649982452,0.0001,0.0841262072022073,0.085390625,3910,-3.0796602907776833,0.009307282,0.2
4730,393,16097280,3403,-0.012256701909573167,0.5394463837146759,-0.024450082331895828,0.0001,0.09160546410595999,0.0853466796875,3920,-3.088506972193718,0.009145984,0.2
4742,394,16138240,3402,-0.010539945169948623,0.5793692469596863,-0.006892964243888855,0.0001,0.07656878403620794,0.07702880859375,3930,-3.076372691094875,0.008807314,0.2
4754,395,16179200,3402,-0.012093426355422708,0.5006171464920044,0.03447991609573364,0.0001,0.10941356527619064,0.0890771484375,3940,-3.1087736010551454,0.00947686,0.2
4766,396,16220160,3402,-0.01109327265265165,0.37285715341567993,-0.007716953754425049,0.0001,0.14889923652634024,0.08662353515625,3950,-3.0921207389235494,0.009323361,0.2
4779,397,16261120,3402,-0.011668975489592413,0.458623468875885,-0.002104412764310837,0.0001,0.06015691681532189,0.08408447265625,3960,-3.084351274371147,0.008951826,0.2
4792,398,16302080,3401,-0.012166082538315096,0.3463976979255676,-0.011743124574422836,0.0001,0.08387396878562868,0.08843017578125,3970,-3.0814428728818894,0.009413304,0.2
4804,399,16343040,3401,-0.009826969456044025,0.3031660318374634,-0.004993721842765808,0.0001,0.11572563183493913,0.0847021484375,3980,-3.084439438581467,0.009556362,0.2
4816,400,16384000,3401,-0.010650990221620305,0.586959958076477,-0.017567666247487068,0.0001,0.07845042177475989,0.080830078125,3990,-3.093153775036335,0.008708569,0.2
4828,401,16424960,3401,-0.010354324422078207,0.5342091917991638,-0.009244803339242935,0.0001,0.10651921919547021,0.079169921875,4000,-3.102019661962986,0.00892087,0.2
4840,402,16465920,3401,-0.010407867861213163,0.5938383042812347,-0.023355554789304733,0.0001,0.09631503897719085,0.07753662109375,4010,-3.0760910806059836,0.008672886,0.2
4852,403,16506880,3401,-0.012138600558682811,0.6161934435367584,-0.008523665368556976,0.0001,0.0666756533132866,0.0853662109375,4020,-3.068227644264698,0.00920586,0.2
4864,404,16547840,3401,-0.009896948260138743,0.5637072324752808,-0.020623181015253067,0.0001,0.10493492411915213,0.07337158203125,4030,-3.0842020490765574,0.008616962,0.2
4876,405,16588800,3401,-0.011599680602666923,0.43457818031311035,-0.0017070844769477844,0.0001,0.10572870790027082,0.0814794921875,4040,-3.066423049867153,0.009143586,0.2
4888,406,16629760,3401,-0.011257840155012673,0.5529259443283081,-0.016805551946163177,0.0001,0.08677009609993547,0.08120361328125,4050,-3.0726983553171157,0.008931704,0.2
4900,407,16670720,3401,-0.011407866504450795,0.5763883888721466,-0.02001873403787613,0.0001,0.07731271649245172,0.07761962890625,4060,-3.0803072547912596,0.008483352,0.2
4912,408,16711680,3401,-0.01134295527022914,0.5050905048847198,0.013333827257156372,0.0001,0.0993223468400538,0.08482421875,4070,-3.074969564974308,0.009295158,0.2
4924,409,16752640,3401,-0.010310434108396294,0.3775593638420105,-0.008566703647375107,0.0001,0.13600397306960077,0.077724609375,4080,-3.0624225249886514,0.009049098,0.2
4936,410,16793600,3402,-0.0116399706932134,0.4256231188774109,0.0361943282186985,0.0001,0.10152400085702538,0.0854638671875,4090,-3.0892200058698656,0.009343004,0.2
4948,411,16834560,3402,-0.00999128702969756,0.3550763726234436,-4.675239324569702e-06,0.0001,0.11095592357683927,0.0793359375,4100,-3.077863516807556,0.008623973,0.2
4960,412,16875520,3402,-0.011542263220035239,0.5482852160930634,-0.0026400163769721985,0.0001,0.07213353316066787,0.079150390625,4110,-3.0649232324957847,0.009148123,0.2
4972,413,16916480,3402,-0.011008604810485849,0.3597356677055359,-0.011038769036531448,0.0001,0.15797924120910467,0.08194580078125,4120,-3.071070149242878,0.008974708,0.2
4984,414,16957440,3402,-0.011831529948976823,0.6427159905433655,-0.020809698849916458,0.0001,0.06518097775522619,0.08461181640625,4130,-3.045248018503189,0.009332074,0.2
4996,415,16998400,3401,-0.01015438477290445,0.43314647674560547,-0.004977695643901825,0.0001,0.09658206162974238,0.07456298828125,4140,-3.068405576348305,0.008964786,0.2
5008,416,17039360,3402,-0.009882614788512,0.5155681073665619,-0.011489585041999817,0.0001,0.12705068121664226,0.08478515625,4150,-3.0675607487559318,0.009445207,0.2
5020,417,17080320,3401,-0.010151425411604577,0.3829173445701599,0.1291591227054596,0.0001,0.17469113319180907,0.0810791015625,4160,-3.0999858808517455,0.009479927,0.2
5032,418,17121280,3401,-0.010972057930775918,0.49854201078414917,-0.008189056068658829,0.0001,0.09005744293797761,0.0877978515625,4170,-3.0745533761382102,0.009363349,0.2
5045,419,17162240,3401,-0.010758807167148917,0.44997525215148926,0.012626979500055313,0.0001,0.12185933974105864,0.08760498046875,4180,-3.093236962854862,0.009734799,0.2
5057,420,17203200,3401,-0.010918705642743588,0.45066261291503906,-0.0010116137564182281,0.0001,0.10329392925370484,0.08005126953125,4190,-3.089776205420494,0.008970585,0.2
5069,421,17244160,3401,-0.011171657518134452,0.6322962641716003,-0.02303975075483322,0.0001,0.0763778786547482,0.08654541015625,4200,-3.0708689218759537,0.009814401,0.2
5081,422,17285120,3401,-0.011167052730015711,0.5139284133911133,-0.010197799652814865,0.0001,0.09802883273456246,0.08171142578125,4210,-3.0596747627854346,0.009404846,0.2
5093,423,17326080,3401,-0.012668809836322908,0.4914488196372986,-0.029935073107481003,0.0001,0.06166085148928687,0.09021484375,4220,-3.0512196460366248,0.009470008,0.2
5105,424,17367040,3401,-0.010880960746435448,0.42342519760131836,0.003873351961374283,0.0001,0.09781894226092845,0.08211181640625,4230,-3.042243327498436,0.0088540735,0.2
5117,425,17408000,3401,-0.011368397973346872,0.3367205858230591,0.07520917803049088,0.0001,0.11350023699458689,0.0776806640625,4240,-3.0518838652968405,0.008785752,0.2
5129,426,17448960,3401,-0.010006482985772891,0.4049485921859741,0.003963194787502289,0.0001,0.10186581538524479,0.08029052734375,4250,-3.0539465588331223,0.008961159,0.2
5141,427,17489920,3401,-0.010391425677444204,0.40362095832824707,-0.00017529353499412537,0.0001,0.10073692985344679,0.0825244140625,4260,-3.0434963655471803,0.009245949,0.2
5153,428,17530880,3401,-0.010557609659590525,0.4590354561805725,-0.014472372829914093,0.0001,0.12278828400187194,0.08019775390625,4270,-3.0244693118333816,0.009122926,0.2
5165,429,17571840,3401,-0.011448422734683845,0.5400026142597198,-0.031474918127059937,0.0001,0.07510643335757777,0.08750244140625,4280,-3.034657864868641,0.009229547,0.2
5177,430,17612800,3401,-0.010498543612338835,0.4633135199546814,-0.011790692806243896,0.0001,0.0938903322443366,0.08197021484375,4290,-3.0172079738974573,0.0090711,0.2
5189,431,17653760,3401,-0.011010618867148879,0.3424597382545471,-0.021529769524931908,0.0001,0.08893726736772806,0.08237060546875,4300,-3.034019160568714,0.009137107,0.2
5202,432,17694720,3401,-0.011671222822042183,0.543939620256424,-0.007652949541807175,0.0001,0.0961823129793629,0.08108642578125,4310,-3.0303697395324707,0.008760149,0.2
5214,433,17735680,3401,-0.011101399524486624,0.5675112009048462,-0.024421757087111473,0.0001,0.06577676485292613,0.08173583984375,4320,-3.0347333094477653,0.008749744,0.2
5226,434,17776640,3401,-0.01172666235732322,0.5003449618816376,-0.0071959346532821655,0.0001,0.08417505437508226,0.0865771484375,4330,-3.029954160749912,0.009472648,0.2
5238,435,17817600,3401,-0.010659101497440133,0.47725528478622437,-0.02759600430727005,0.0001,0.09018580669537186,0.08276611328125,4340,-3.0051286935806276,0.009158677,0.2
5251,436,17858560,3400,-0.010461782219135785,0.4677419662475586,0.06579276919364929,0.0001,0.12775605891831218,0.0795263671875,4350,-3.02926004499197,0.009045165,0.2
5263,437,17899520,3400,-0.00988341673684772,0.43944692611694336,-0.0020342618227005005,0.0001,0.1028387553570792,0.0763232421875,4360,-3.0369759836792944,0.008774618,0.2
5274,438,17940480,3401,-0.011060474219993921,0.4121983051300049,0.0006853193044662476,0.0001,0.08769781780196353,0.09629150390625,4370,-3.0144467937946318,0.009968795,0.2
5287,439,17981440,3400,-0.010389055382838706,0.5463449060916901,-0.016917522996664047,0.0001,0.07840437688166275,0.07942626953125,4380,-3.071546782553196,0.008983427,0.2
5299,440,18022400,3400,-0.010335483090020716,0.44530045986175537,0.11134521663188934,0.0001,0.12441974930465222,0.0750146484375,4390,-3.0718345233798026,0.008243954,0.2
5311,441,18063360,3400,-0.011187962409458123,0.4452388286590576,-0.005539264529943466,0.0001,0.12793816540855915,0.084990234375,4400,-3.0510476359725,0.00912467,0.2
5323,442,18104320,3400,-0.010153767241718015,0.396467924118042,0.029498256742954254,0.0001,0.1057028999691829,0.0829296875,4410,-3.064487962722778,0.009154775,0.2
5335,443,18145280,3400,-0.010865573879273142,0.4609959125518799,0.007150549441576004,0.0001,0.10026275807525963,0.08491943359375,4420,-3.046531056761742,0.009778438,0.2
5347,444,18186240,3400,-0.011290009702497628,0.43892890214920044,-0.012567227706313133,0.0001,0.0917262152209878,0.0828857421875,4430,-3.0495134842395784,0.0091087045,0.2
5359,445,18227200,3400,-0.010902796098089312,0.408930242061615,-0.008607953786849976,0.0001,0.10273494680179283,0.08740966796875,4440,-3.0288930535316467,0.009672525,0.2
5372,446,18268160,3400,-0.011290795707900543,0.47851985692977905,0.0038192719221115112,0.0001,0.10391089536249637,0.0782373046875,4450,-3.02082412481308,0.00869066,0.2
5384,447,18309120,3400,-0.01194865762066911,0.5585954189300537,0.012900054454803467,0.0001,0.0882535305339843,0.0875732421875,4460,-3.037152031958103,0.009514685,0.2
5396,448,18350080,3400,-0.011022406231204514,0.3993746042251587,-0.0013501755893230438,0.0001,0.11682899620849639,0.08982177734375,4470,-3.0301174303889273,0.009585971,0.2
5408,449,18391040,3400,-0.010697390362329315,0.4275463819503784,-0.02515576407313347,0.0001,0.11174666839651763,0.07458251953125,4480,-2.9883198088407514,0.008269956,0.2
5420,450,18432000,3400,-0.009400547898112564,0.37770479917526245,0.03840907663106918,0.0001,0.14123897969722748,0.08044677734375,4490,-3.037685457468033,0.009354895,0.2
5432,451,18472960,3400,-0.011254425643273861,0.5132649540901184,-0.01112375408411026,0.0001,0.10938541021198034,0.08103271484375,4500,-3.0244563215970994,0.00893343,0.2
5444,452,18513920,3400,-0.011562265416578156,0.4803566336631775,0.00325721874833107,0.0001,0.09194876332301646,0.08336181640625,4510,-3.0452173060178755,0.009408201,0.2
5456,453,18554880,3400,-0.01035992272765725,0.5055002570152283,-0.023436499759554863,0.0001,0.0931444368744269,0.07517333984375,4520,-3.042542237341404,0.008516924,0.2
5469,454,18595840,3400,-0.010639731995688635,0.5081570446491241,-0.0032739564776420593,0.0001,0.10462669925298541,0.07530517578125,4530,-3.021255049407482,0.0090061,0.2
5481,455,18636800,3400,-0.010547991929634008,0.4702557921409607,0.006282377988100052,0.0001,0.10766145488247275,0.07233642578125,4540,-3.013092674911022,0.008709599,0.2
5493,456,18677760,3400,-0.01014316705375677,0.4107819199562073,-0.01541074737906456,0.0001,0.102525134885218,0.07658447265625,4550,-3.013257247209549,0.00857037,0.2
5505,457,18718720,3400,-0.010480872304033256,0.5069979727268219,0.0005064830183982849,0.0001,0.10477720854338259,0.08116455078125,4560,-3.0066797661781313,0.009266771,0.2
5517,458,18759680,3400,-0.010463735737866955,0.5090860426425934,-0.01574089378118515,0.0001,0.11806347884237767,0.070927734375,4570,-2.989475236237049,0.008186673,0.2
5529,459,18800640,3400,-0.010503660371614387,0.4389772415161133,0.023761950433254242,0.0001,0.13809237187728285,0.0817919921875,4580,-2.9843080642819406,0.008987792,0.2
5541,460,18841600,3400,-0.010101965714420657,0.4903854727745056,0.021142147481441498,0.0001,0.1689955226657912,0.07644287109375,4590,-2.984209097325802,0.008967643,0.2
5553,461,18882560,3399,-0.010752238895802292,0.45972031354904175,0.012007985264062881,0.0001,0.1105755929555744,0.089736328125,4600,-2.993356908261776,0.009941572,0.2
5566,462,18923520,3399,-0.009989410592388594,0.5387597382068634,-0.027292078360915184,0.0001,0.08253983623581007,0.07827880859375,4610,-3.007473123371601,0.009140315,0.2
5578,463,18964480,3399,-0.010082609326782404,0.48189258575439453,0.01191866397857666,0.0001,0.12112659643869847,0.07448486328125,4620,-2.9795047545433047,0.008484702,0.2
5590,464,19005440,3399,-0.010806800496939105,0.5861428081989288,-0.023998938500881195,0.0001,0.1012604465475306,0.077763671875,4630,-3.009867078959942,0.008944638,0.2
5602,465,19046400,3399,-0.01232407431831234,0.5069513618946075,-0.0216689333319664,0.0001,0.11006022708024829,0.0843017578125,4640,-3.009759669303894,0.009237987,0.2
5614,466,19087360,3399,-0.01019903334454284,0.41639244556427,0.015011556446552277,0.0001,0.155858479491435,0.0778076171875,4650,-3.0227388566732407,0.008817967,0.2
5626,467,19128320,3399,-0.010740559575060616,0.5255423784255981,-0.024773303419351578,0.0001,0.10109893294051289,0.0761083984375,4660,-3.0419844400882723,0.0087179,0.2
5639,468,19169280,3399,-0.010123879077727906,0.429304838180542,-0.0148372333496809,0.0001,0.11749387963674962,0.07912109375,4670,-3.015499764084816,0.008755707,0.2
5651,469,19210240,3399,-0.01083912998859887,0.5307232141494751,-0.004799146205186844,0.0001,0.1038791055441834,0.07755126953125,4680,-3.03122401535511,0.009203681,0.2
5663,470,19251200,3399,-0.010351794167072513,0.5498547255992889,-0.025595933198928833,0.0001,0.09165876252111048,0.08017822265625,4690,-3.0301716521382334,0.008973244,0.2
5675,471,19292160,3399,-0.01048017210116086,0.47169625759124756,0.013260547071695328,0.0001,0.16030301060993224,0.0874609375,4700,-3.0398688530921936,0.009683002,0.2
5687,472,19333120,3399,-0.010984738112456397,0.6244350373744965,-0.007388215512037277,0.0001,0.10199666725471616,0.07892822265625,4710,-3.0209195986390114,0.009040195,0.2
5700,473,19374080,3398,-0.011386774782440625,0.5821833908557892,0.033314503729343414,0.0001,0.09210407302249222,0.07922119140625,4720,-3.022679078280926,0.009079767,0.2
5712,474,19415040,3398,-0.011498688992724056,0.44459688663482666,-0.010352723300457,0.0001,0.10294862191192805,0.07809326171875,4730,-3.0420907992124557,0.008745912,0.2
5724,475,19456000,3398,-0.010388899605168263,0.38786035776138306,-0.008491497486829758,0.0001,0.13372335903346538,0.0835546875,4740,-3.023096343576908,0.009428779,0.2
5736,476,19496960,3398,-0.01121569385722978,0.49809378385543823,-0.0022724494338035583,0.0001,0.09760298868641257,0.0808349609375,4750,-2.9983546414971354,0.008822754,0.2
5749,477,19537920,3398,-0.010790983971819514,0.4718259572982788,0.004640992730855942,0.0001,0.11888422371819615,0.07678466796875,4760,-3.020944469869137,0.008706434,0.2
5761,478,19578880,3398,-0.010843886363436467,0.4481809735298157,0.04399707913398743,0.0001,0.12747874275315552,0.0776611328125,4770,-3.019250163435936,0.008801204,0.2
5773,479,19619840,3398,-0.011328430763242067,0.5562723577022552,-0.031395308673381805,0.0001,0.08981479133246467,0.07580322265625,4780,-3.0142342314124106,0.008723795,0.2
5785,480,19660800,3398,-0.011153940079166204,0.5806654989719391,-0.013416703790426254,0.0001,0.12070657454896719,0.07790771484375,4790,-3.0097445076704026,0.008752819,0.2
5797,481,19701760,3398,-0.011059520073031308,0.4375380277633667,0.0156787671148777,0.0001,0.12695630510803313,0.08689208984375,4800,-3.0278964906930925,0.009303016,0.2
5809,482,19742720,3398,-0.010759551164373988,0.504804939031601,0.03304702788591385,0.0001,0.12210224326699973,0.0766943359375,4810,-3.0565675899386404,0.008866076,0.2
5821,483,19783680,3398,-0.011264230355300242,0.4848167896270752,-0.010300233960151672,0.0001,0.10585642560850829,0.08155517578125,4820,-3.040748413801193,0.008999413,0.2
5833,484,19824640,3398,-0.011618371549411676,0.5431074798107147,-0.014299079775810242,0.0001,0.08811128439148888,0.083095703125,4830,-3.0604543137550353,0.00914151,0.2
5846,485,19865600,3398,-0.01082070942808059,0.5238036811351776,-0.02035701833665371,0.0001,0.08195590395247564,0.08066650390625,4840,-2.999540400803089,0.009345057,0.2
5858,486,19906560,3398,-0.00991185537466663,0.4807250499725342,0.013585064560174942,0.0001,0.09315391931217164,0.07289794921875,4850,-3.0361805239319803,0.008596232,0.2
5870,487,19947520,3398,-0.01196047333345632,0.44850224256515503,-0.009455841034650803,0.0001,0.0979441155702807,0.08352294921875,4860,-3.0345773753523826,0.009091654,0.2
5882,488,19988480,3398,-0.010106978848780273,0.45938819646835327,0.005551811307668686,0.0001,0.11350593672599643,0.07808837890625,4870,-3.059347196817398,0.009028866,0.2
5894,489,20029440,3397,-0.011663256013016508,0.5478344559669495,-0.017556648701429367,0.0001,0.09119238712824881,0.0766259765625,4880,-3.044462670981884,0.008636132,0.2
5906,490,20070400,3397,-0.010441459412832046,0.5204811990261078,0.012513764202594757,0.0001,0.12312188170850277,0.075712890625,4890,-3.0132102599740027,0.008733575,0.2
5919,491,20111360,3397,-0.010064427368924954,0.5547626912593842,-0.009340453892946243,0.0001,0.10973511890042573,0.07685791015625,4900,-3.0436246538162233,0.008930912,0.2
5931,492,20152320,3397,-0.010779616410582093,0.536791980266571,0.004318717867136002,0.0001,0.11515230890829116,0.08039794921875,4910,-3.0273001438379286,0.00887346,0.2
5943,493,20193280,3397,-0.011298968334303936,0.5649750232696533,0.015963491052389145,0.0001,0.10713337810244411,0.08180419921875,4920,-3.0410150507092477,0.009280878,0.2
5955,494,20234240,3397,-0.010001312473032159,0.5284273028373718,-0.005882006138563156,0.0001,0.13735102012753486,0.06994384765625,4930,-3.0328996539115907,0.008575117,0.2
5967,495,20275200,3397,-0.011269940327620133,0.6269494891166687,-0.0006918869912624359,0.0001,0.10923593225423246,0.08147216796875,4940,-3.0489405164122583,0.009331975,0.2
5979,496,20316160,3397,-0.010979307319357758,0.6632521152496338,-0.02523905783891678,0.0001,0.10280162428040057,0.0767236328125,4950,-3.040726630091667,0.00873581,0.2
5991,497,20357120,3397,-0.010870589647529414,0.6247932016849518,0.09106646478176117,0.0001,0.12009920710232108,0.0825439453125,4960,-3.041280601024628,0.008885658,0.2
6003,498,20398080,3397,-0.010410752616298851,0.6775184571743011,0.0004253387451171875,0.0001,0.10085032327566296,0.07375244140625,4970,-3.0399575605988503,0.008580558,0.2
6015,499,20439040,3397,-0.011849064826601535,0.5524658858776093,0.0014248564839363098,0.0001,0.10685786852613091,0.0879736328125,4980,-3.036947727203369,0.0092720855,0.2
6027,500,20480000,3397,-0.010509595116018318,0.710812509059906,0.033009015023708344,0.0001,0.1050898873154074,0.07796875,4990,-3.0775360807776453,0.008910403,0.2
6039,501,20520960,3397,-0.011491704244690482,0.6331261992454529,0.002467874437570572,0.0001,0.12450975842773915,0.08369384765625,5000,-3.0548756256699563,0.009090476,0.2
6051,502,20561920,3397,-0.011277280315116513,0.5002855062484741,-0.0003350749611854553,0.0001,0.14110109691508113,0.0855517578125,5010,-3.053141795694828,0.009686901,0.2
6063,503,20602880,3397,-0.011080832374864258,0.5298367142677307,0.036768607795238495,0.0001,0.11264524378348142,0.085166015625,5020,-3.0517578333616258,0.009160036,0.2
6075,504,20643840,3397,-0.010588546547078295,0.5707859992980957,-0.022791963070631027,0.0001,0.12451740752905607,0.06802978515625,5030,-3.061390196681023,0.008486062,0.2
6087,505,20684800,3397,-0.011312575571937487,0.5435080826282501,0.0034840181469917297,0.0001,0.10027044581715018,0.08029541015625,5040,-3.037857033908367,0.008472537,0.2
6099,506,20725760,3397,-0.011797798954648896,0.508918046951294,-0.012986544519662857,0.0001,0.12510951823554933,0.087734375,5050,-3.039770837128162,0.009636221,0.2
6111,507,20766720,3397,-0.011768080034235026,0.5680616796016693,-0.011040057986974716,0.0001,0.09851177146658302,0.0760546875,5060,-3.039831512272358,0.008650492,0.2
6123,508,20807680,3397,-0.010772781553678215,0.5655703544616699,-0.021100826561450958,0.0001,0.0882430860819295,0.07999267578125,5070,-3.0434592565894127,0.009225026,0.2
6135,509,20848640,3397,-0.01080724808591185,0.5957075655460358,-0.016749419271945953,0.0001,0.06852049254113808,0.08016357421875,5080,-3.048141227066517,0.008749326,0.2
6147,510,20889600,3397,-0.009762356133578579,0.6715389788150787,-0.018897633999586105,0.0001,0.10552374241873622,0.0724853515625,5090,-3.021055833995342,0.008966093,0.2
6159,511,20930560,3397,-0.011510472826630576,0.5647977590560913,0.007885832339525223,0.0001,0.13182134606875479,0.08880615234375,5100,-3.0348305544257164,0.009600726,0.2
6171,512,20971520,3397,-0.009603748051958974,0.6444200873374939,-0.018185876309871674,0.0001,0.08322250619530677,0.07273681640625,5110,-3.0364944902062416,0.008538192,0.2
6183,513,21012480,3397,-0.010442058759945212,0.5447394251823425,0.019018687307834625,0.0001,0.12942240548320114,0.0813134765625,5120,-3.0410973438620568,0.008956616,0.2
6196,514,21053440,3397,-0.010562549341120758,0.5389406681060791,0.06842850148677826,0.0001,0.1616942676715553,0.08216796875,5130,-3.01689099997282,0.009408081,0.2
6208,515,21094400,3397,-0.010957505621772725,0.6287337839603424,-0.006094153970479965,0.0001,0.09421663282439113,0.07766357421875,5140,-3.0224096342921256,0.00946944,0.2
6220,516,21135360,3397,-0.011124760857783259,0.48762810230255127,0.010243214666843414,0.0001,0.10463742695515975,0.08010009765625,5150,-3.0631511625647545,0.00882332,0.2
6232,517,21176320,3397,-0.009594893713729107,0.5824114382266998,-0.013038955628871918,0.0001,0.11003969011362642,0.07231201171875,5160,-3.036048856377602,0.008583738,0.2
6245,518,21217280,3397,-0.010564511797711021,0.5520955324172974,0.010965079069137573,0.0001,0.12067417801357806,0.0796533203125,5170,-3.020060277581215,0.008787753,0.2
6257,519,21258240,3397,-0.010627166596241295,0.6375682950019836,0.004233464598655701,0.0001,0.09529467447893694,0.08196044921875,5180,-3.024276650249958,0.009279048,0.2
6269,520,21299200,3397,-0.010545886747568147,0.5019517838954926,0.0016277506947517395,0.0001,0.09647012151312083,0.07807373046875,5190,-3.044074152112007,0.008702676,0.2
6281,521,21340160,3397,-0.010682892788463506,0.4555858373641968,0.002099212259054184,0.0001,0.11178538471926004,0.07740234375,5200,-3.0464346653223036,0.0089314,0.2
6293,522,21381120,3397,-0.01109203954169061,0.5386340022087097,-0.024723945185542107,0.0001,0.10964613452088087,0.08014404296875,5210,-3.0610221856832505,0.009051644,0.2
6305,523,21422080,3397,-0.011093428830354241,0.522711992263794,-0.02819899655878544,0.0001,0.10122349309269339,0.08868896484375,5220,-3.0340266463160517,0.00956581,0.2
6317,524,21463040,3397,-0.009507153632293921,0.5289896726608276,-0.018860217183828354,0.0001,0.13232925700955092,0.07151123046875,5230,-3.0330699202418328,0.008165137,0.2
6329,525,21504000,3397,-0.008854668097337709,0.4858475923538208,-0.004742909222841263,0.0001,0.15704834214877336,0.07093505859375,5240,-3.0302904531359673,0.008880456,0.2
6341,526,21544960,3397,-0.0105818922520848,0.6077596247196198,0.02960263192653656,0.0001,0.10705413318239153,0.08093994140625,5250,-3.051187444329262,0.009419421,0.2
6353,527,21585920,3397,-0.010212053925497457,0.5217335522174835,0.0029623880982398987,0.0001,0.12132622962351888,0.08412353515625,5260,-3.053714358508587,0.009487969,0.2
6366,528,21626880,3397,-0.011407488999393535,0.4867934584617615,-0.025385379791259766,0.0001,0.09453556539025158,0.09044921875,5270,-3.041252960264683,0.009781125,0.2
6378,529,21667840,3396,-0.010973778830230003,0.6168590784072876,0.00011276081204414368,0.0001,0.0874166877148673,0.08189453125,5280,-3.016881295144558,0.009172607,0.2
6390,530,21708800,3397,-0.011760136887605768,0.533968448638916,0.013603374361991882,0.0001,0.09508394326083362,0.08504150390625,5290,-3.051644751727581,0.008927159,0.2
6402,531,21749760,3397,-0.01021286470015184,0.5517733693122864,-0.009868942201137543,0.0001,0.11672846722882241,0.07927490234375,5300,-3.048644817173481,0.008966049,0.2
6414,532,21790720,3396,-0.010854920907877385,0.5717257857322693,-0.02244037762284279,0.0001,0.07102660511154682,0.08003173828125,5310,-3.022904722392559,0.008906713,0.2
6427,533,21831680,3396,-0.011874689144751755,0.5657612979412079,-0.01822987198829651,0.0001,0.10702172250952571,0.089150390625,5320,-3.04977469176054,0.009596348,0.2
6439,534,21872640,3396,-0.009620207447587745,0.5772871971130371,0.0067764148116111755,0.0001,0.10542914748191834,0.069033203125,5330,-3.0253458818793297,0.00846965,0.2
6451,535,21913600,3396,-0.01018177986763476,0.6063275635242462,-0.0042695216834545135,0.0001,0.08614880352281035,0.0782568359375,5340,-3.046456991136074,0.0088596,0.2
6463,536,21954560,3396,-0.011449812946375459,0.5566537976264954,0.004216108471155167,0.0001,0.11357012485153974,0.09325927734375,5350,-3.043237304985523,0.010066372,0.2
6475,537,21995520,3396,-0.01003455072932411,0.5587975978851318,0.02387184649705887,0.0001,0.11075896081048996,0.0784033203125,5360,-3.053010031580925,0.008992043,0.2
6487,538,22036480,3396,-0.011462369143409888,0.4855612516403198,-0.011350877583026886,0.0001,0.11683241173159331,0.08556396484375,5370,-3.0315096479654313,0.009475283,0.2
6499,539,22077440,3396,-0.011311710227455479,0.5603444874286652,0.011949457228183746,0.0001,0.10183154477737844,0.08248291015625,5380,-3.028669385910034,0.008912312,0.2
6512,540,22118400,3396,-0.011538959345780314,0.5953924655914307,0.008255835622549057,0.0001,0.11257405546493829,0.07939697265625,5390,-3.0098172849416733,0.009148635,0.2
6524,541,22159360,3396,-0.011159348827204667,0.5631576180458069,-0.028219450265169144,0.0001,0.09877776068169623,0.0817138671875,5400,-3.040485645830631,0.008995606,0.2
6536,542,22200320,3396,-0.009852682263444877,0.5401260256767273,-0.025444572791457176,0.0001,0.08280703701078891,0.0748193359375,5410,-3.058119687139988,0.009124219,0.2
6548,543,22241280,3396,-0.01038976782510872,0.6246442496776581,-0.008032463490962982,0.0001,0.1072530616587028,0.08620849609375,5420,-3.0663516867160796,0.009298268,0.2
6559,544,22282240,3396,-0.010533188061381225,0.4787555932998657,-0.01857004500925541,0.0001,0.10650571679696441,0.07871337890625,5430,-3.0683959048986433,0.00875642,0.2
6571,545,22323200,3396,-0.01111134812628734,0.468106210231781,-0.004353679716587067,0.0001,0.1312249594880268,0.07900146484375,5440,-3.04829836755991,0.009198757,0.2
6583,546,22364160,3396,-0.010849880097084678,0.45361918210983276,-0.0003516748547554016,0.0001,0.1388895235117525,0.0763037109375,5450,-3.049262734353542,0.008695814,0.2
6595,547,22405120,3396,-0.010874202768245595,0.5089180767536163,-0.018500935286283493,0.0001,0.11746660066768527,0.076064453125,5460,-3.0636677873134612,0.008446105,0.2
6607,548,22446080,3396,-0.011376342751900666,0.48217982053756714,-0.01243402436375618,0.0001,0.1608769423700869,0.0842138671875,5470,-3.0402030763030052,0.0095187705,0.2
6620,549,22487040,3396,-0.011801899528727518,0.60459965467453,-0.011661248281598091,0.0001,0.09629449074156582,0.078251953125,5480,-3.051846319437027,0.008988341,0.2
6632,550,22528000,3396,-0.010985743448545691,0.6936500668525696,-0.019275639206171036,0.0001,0.06477905132109299,0.07634765625,5490,-3.018511527478695,0.008742653,0.2
6646,551,22568960,3395,-0.010766798804106657,0.6900907456874847,0.05038738623261452,0.0001,0.10808197197970003,0.078056640625,5500,-3.051935975551605,0.0093462635,0.2
6660,552,22609920,3394,-0.011497536953611416,0.5765732824802399,0.02817884460091591,0.0001,0.09442913479171694,0.08683349609375,5510,-3.0340361723303797,0.009181695,0.2
6673,553,22650880,3394,-0.01040861258879886,0.535749226808548,0.01226511225104332,0.0001,0.09717776921577752,0.07888671875,5520,-3.03654386729002,0.009131359,0.2
6687,554,22691840,3393,-0.010119347561703762,0.5526289641857147,-0.029548952355980873,0.0001,0.10448657462140545,0.07823974609375,5530,-3.0257100319862364,0.008932365,0.2
6700,555,22732800,3392,-0.010756364988919813,0.41791051626205444,0.03202005848288536,0.0001,0.15249871682841332,0.07831787109375,5540,-3.0282316082715988,0.008987172,0.2
6713,556,22773760,3392,-0.011395147479415755,0.6126640737056732,-0.011617537587881088,0.0001,0.09406585738062859,0.081669921875,5550,-3.0439374428987502,0.0091308,0.2
6725,557,22814720,3392,-0.010077856977586635,0.5157866477966309,-0.019575925543904305,0.0001,0.12861365722492338,0.08209716796875,5560,-3.05118434548378,0.009290363,0.2
6738,558,22855680,3391,-0.009199182281008689,0.584590345621109,0.002134069800376892,0.0001,0.11440996389836072,0.07250244140625,5570,-3.0472693729400633,0.008741371,0.2
6750,559,22896640,3391,-0.00988092612591572,0.5967000126838684,-0.016324013471603394,0.0001,0.12456646566744894,0.07038818359375,5580,-3.0548174342513086,0.008512221,0.2
6762,560,22937600,3391,-0.010903781794622773,0.5179075598716736,0.030839093029499054,0.0001,0.15604308157693594,0.07715087890625,5590,-3.020523984730244,0.008972614,0.2
6774,561,22978560,3391,-0.01203506167163141,0.6112867295742035,0.010378684848546982,0.0001,0.11257581405807286,0.0758251953125,5600,-3.0229259151220322,0.008909753,0.2
6787,562,23019520,3391,-0.010148441662749974,0.5406463444232941,0.0040211305022239685,0.0001,0.15259236651007085,0.0697412109375,5610,-3.0282471060752867,0.008375551,0.2
6799,563,23060480,3391,-0.010243261025170796,0.6306912899017334,0.016245156526565552,0.0001,0.10136292872019112,0.07462646484375,5620,-3.038746190965176,0.008955471,0.2
6811,564,23101440,3391,-0.01201374137934181,0.5684535503387451,0.00735793262720108,0.0001,0.14143447796814143,0.08617919921875,5630,-3.047972575724125,0.009370409,0.2
6823,565,23142400,3391,-0.010508879310946214,0.5432265400886536,0.012088440358638763,0.0001,0.1081691952003166,0.07083251953125,5640,-3.043008128106594,0.008140538,0.2
6835,566,23183360,3391,-0.010059984069885104,0.5041720271110535,0.0248875692486763,0.0001,0.1429237158736214,0.0817138671875,5650,-3.060299781560898,0.009486154,0.2
6847,567,23224320,3391,-0.010932207314981497,0.5880303382873535,-0.017382130026817322,0.0001,0.08948734136298299,0.07671630859375,5660,-3.0489591747522353,0.009003542,0.2
6860,568,23265280,3391,-0.011312489351548721,0.6062670052051544,0.023952879011631012,0.0001,0.12156967864837498,0.07822509765625,5670,-3.074092810153961,0.00879871,0.2
6872,569,23306240,3391,-0.010733543637907133,0.5457850396633148,-0.015263859182596207,0.0001,0.09559730568667874,0.08162841796875,5680,-3.0643023306131365,0.009057023,0.2
6884,570,23347200,3391,-0.010103277449379675,0.5999435484409332,0.011981766670942307,0.0001,0.0818790809228085,0.071083984375,5690,-3.0760505977272987,0.008581559,0.2
6897,571,23388160,3390,-0.009808879930642434,0.5861331820487976,0.008096504956483841,0.0001,0.1142021393822506,0.06825439453125,5700,-3.062693346142769,0.008229574,0.2
6909,572,23429120,3390,-0.010465411743498408,0.4480518698692322,-0.019956033676862717,0.0001,0.15429404559079557,0.0726123046875,5710,-3.0658923533558844,0.00858097,0.2
6922,573,23470080,3390,-0.011981577062688303,0.463448703289032,0.04191736876964569,0.0001,0.14313548733014614,0.08314697265625,5720,-3.051443587243557,0.009000033,0.2
6934,574,23511040,3390,-0.01033110462827608,0.5422267317771912,-0.03310771659016609,0.0001,0.1345054370770231,0.07418701171875,5730,-3.0389116352796552,0.0085891215,0.2
6947,575,23552000,3390,-0.011011009965150151,0.6248712539672852,-0.025638435035943985,0.0001,0.07946276128990576,0.07755859375,5740,-3.0409991002082823,0.008865661,0.2
6959,576,23592960,3390,-0.011007264524741912,0.5690407752990723,0.012369818985462189,0.0001,0.1076113543752581,0.0815087890625,5750,-3.0383627438545227,0.008780602,0.2
6972,577,23633920,3389,-0.01055489036196377,0.4747437834739685,-0.0014870017766952515,0.0001,0.13798611373174935,0.075283203125,5760,-3.0481212112307547,0.008670194,0.2
